,B25091_001E,B25091_002E,B25091_003E,B25091_004E,B25091_005E,B25091_005M,B25091_006M,B25091_007M,B25091_008M,B25091_009M,B25091_010M,B25091_011M,B25091_012M,B25091_013M,B25091_014M,B25091_015M,B25091_016E,B25091_017E,B25091_018E,B25091_019E,B25091_020E,B25091_021E,B25091_022E,B25091_023E,GEO_ID,NAME,ucgid
0,23738,12654,600,2519,1511,563,734,576,261,747,656,678,48,1255,733,732,1672,622,513,344,50,429,749,63,310M600US10140,"Aberdeen, WA Micro Area",310M600US10140
1,39876,19267,1794,2498,3947,886,1148,862,465,466,563,560,53,1819,1489,966,2127,1440,660,562,353,705,1666,347,310M600US10180,"Abilene, TX Metro Area",310M600US10180
2,30129,18027,1885,4140,3270,768,738,403,401,368,441,736,32,1178,840,605,1251,718,719,159,125,383,1264,82,310M600US10300,"Adrian, MI Micro Area",310M600US10300
3,76395,21309,1790,2739,3222,1005,819,767,714,761,866,928,389,2947,2701,1527,4586,2098,1738,1601,1002,769,4212,2131,310M600US10380,"Aguadilla-Isabela, PR Metro Area",310M600US10380
4,201958,124885,14823,28535,27896,2843,2286,1804,1652,916,1227,2040,456,3934,2716,2035,8365,5014,3108,1573,1369,2036,4018,846,310M600US10420,"Akron, OH Metro Area",310M600US10420
5,17283,8568,1026,1605,959,443,673,724,481,525,343,440,216,1264,986,682,491,296,97,208,19,90,436,39,310M600US10460,"Alamogordo, NM Micro Area",310M600US10460
6,33826,18220,2295,2525,4304,1210,706,841,734,474,590,774,44,1553,1414,554,1911,1080,1049,558,209,395,402,421,310M600US10500,"Albany, GA Metro Area",310M600US10500
7,34674,22377,1439,2893,5142,1124,1211,996,705,412,578,659,135,1285,945,675,1216,762,715,92,254,344,586,136,310M600US10540,"Albany-Lebanon, OR Metro Area",310M600US10540
8,240902,145039,11770,30861,33438,2980,2404,1671,1440,1012,1273,1646,352,3827,2965,2027,10577,6517,3934,2610,1808,1647,6606,611,310M600US10580,"Albany-Schenectady-Troy, NY Metro Area",310M600US10580
9,26268,13132,1124,2674,2682,727,709,521,401,426,188,579,73,1232,964,671,1277,513,635,328,50,318,842,104,310M600US10700,"Albertville, AL Micro Area",310M600US10700
10,270261,168976,14107,35117,31716,3134,3202,2376,1893,1934,1838,2754,636,4580,3577,2071,8580,6897,3624,1899,2073,2300,5528,2154,310M600US10740,"Albuquerque, NM Metro Area",310M600US10740
11,38966,19328,1802,3810,4037,1201,798,938,494,510,293,832,189,2052,1675,917,2147,1792,704,220,284,218,1480,167,310M600US10780,"Alexandria, LA Metro Area",310M600US10780
12,233594,142811,11562,25492,31298,2892,2401,2101,1436,1314,2007,1767,273,4044,2886,1998,10978,7411,3363,2654,2814,2606,6556,1248,310M600US10900,"Allentown-Bethlehem-Easton, PA-NJ Metro Area",310M600US10900
13,36518,20091,2733,4925,4093,803,873,430,337,311,396,414,35,1178,1080,708,1158,1677,411,41,544,422,1291,280,310M600US11020,"Altoona, PA Metro Area",310M600US11020
14,66211,36666,2553,6198,8022,1371,1135,1027,1285,787,878,1006,164,2439,1767,1121,3708,2003,986,839,583,833,1396,358,310M600US11100,"Amarillo, TX Metro Area",310M600US11100
15,30439,17585,1734,2859,4334,737,698,565,343,354,255,584,170,1312,1035,681,1755,1034,359,300,177,296,404,191,310M600US11180,"Ames, IA Metro Area",310M600US11180
16,101709,70519,4945,12934,13001,1620,1730,1436,1187,830,1217,1356,249,2486,1692,1198,2872,1506,920,878,487,317,1508,838,310M600US11260,"Anchorage, AK Metro Area",310M600US11260
17,92413,58569,3986,11052,11796,1514,1360,1334,855,601,1032,1317,136,2278,1581,1041,4333,2088,1456,1314,974,1038,2830,286,310M600US11460,"Ann Arbor, MI Metro Area",310M600US11460
18,32866,14709,1392,3901,3860,1564,519,615,768,157,218,420,293,1861,1395,726,1890,804,419,297,256,150,1037,819,310M600US11500,"Anniston-Oxford, AL Metro Area",310M600US11500
19,74399,46424,4409,9971,9568,1385,1272,859,806,449,698,748,269,1741,1333,1016,3929,1321,765,890,638,403,1562,218,310M600US11540,"Appleton, WI Metro Area",310M600US11540
20,45447,12695,1461,2865,1928,791,750,670,392,317,620,599,80,2440,1958,1274,3619,1146,1055,731,591,325,2328,977,310M600US11640,"Arecibo, PR Metro Area",310M600US11640
21,132837,72626,7677,13379,13821,2227,1687,1235,1154,892,1059,1528,390,3937,2963,1532,6211,4187,1343,878,641,1346,3477,1157,310M600US11700,"Asheville, NC Metro Area",310M600US11700
22,28844,15639,1913,3390,2435,782,540,779,487,446,533,617,38,1244,1087,681,1280,1389,388,520,157,190,514,311,310M600US11780,"Ashtabula, OH Micro Area",310M600US11780
23,25020,10571,854,2120,2141,685,882,453,478,209,329,287,237,1472,1082,642,1893,923,248,738,120,424,706,297,310M600US11980,"Athens, TX Micro Area",310M600US11980
24,47519,29945,3222,6146,6409,1140,916,764,567,413,973,845,254,1676,1286,1038,853,1123,254,169,135,758,872,379,310M600US12020,"Athens-Clarke County, GA Metro Area",310M600US12020
25,1537172,1078361,112909,213359,222506,7706,7344,6500,5217,3570,4389,6144,1558,9668,7584,4969,43035,22785,10469,8031,6548,8242,24281,6748,310M600US12060,"Atlanta-Sandy Springs-Alpharetta, GA Metro Area",310M600US12060
26,74931,42492,2718,4943,9396,1655,1527,1252,1005,579,1342,1218,418,2404,1535,1411,4540,3269,2078,1254,1252,1152,3333,478,310M600US12100,"Atlantic City-Hammonton, NJ Metro Area",310M600US12100
27,22760,12429,1001,3034,2958,667,424,285,265,293,231,544,217,1171,545,458,1282,499,439,314,180,236,1594,108,310M600US12180,"Auburn, NY Micro Area",310M600US12180
28,47549,29136,3313,5998,6581,1418,807,1161,631,649,613,833,609,1809,1393,865,1082,794,249,81,1168,527,1389,621,310M600US12220,"Auburn-Opelika, AL Metro Area",310M600US12220
29,160884,94729,10919,20773,19772,2972,2364,1596,1731,933,1321,1602,440,4613,3158,2065,6288,3413,1879,1621,919,1663,2590,1683,310M600US12260,"Augusta-Richmond County, GA-SC Metro Area",310M600US12260
30,40228,22778,2213,4699,4314,868,1062,732,496,373,441,710,315,1694,1072,985,2131,1046,923,848,176,729,1320,373,310M600US12300,"Augusta-Waterville, ME Micro Area",310M600US12300
31,588348,395998,30044,69561,81250,5246,4971,3812,3455,2474,2812,4005,917,7993,6360,3508,21828,16012,7200,4192,3614,5171,14357,1677,310M600US12420,"Austin-Round Rock-Georgetown, TX Metro Area",310M600US12420
32,172830,114967,8789,16754,18106,2088,2104,1522,1888,1636,1559,2338,726,3122,2250,1523,5879,3305,3352,1707,1448,2020,4999,815,310M600US12540,"Bakersfield, CA Metro Area",310M600US12540
33,757577,531310,54998,101500,108984,6301,4563,3739,3137,2566,2928,4932,1375,7068,5026,3158,21039,11115,7729,6194,5644,6345,17772,3759,310M600US12580,"Baltimore-Columbia-Towson, MD Metro Area",310M600US12580
34,44902,24937,3183,5208,4444,1027,1078,856,459,415,377,715,98,1610,1048,963,3199,1042,1188,1120,375,716,787,512,310M600US12620,"Bangor, ME Metro Area",310M600US12620
35,21285,12852,940,2506,2840,534,595,289,431,247,251,357,159,869,621,488,979,690,263,262,149,334,687,75,310M600US12660,"Baraboo, WI Micro Area",310M600US12660
36,88065,48582,3404,7570,7452,1525,1542,1287,952,862,894,1732,122,3149,2202,1098,5687,3324,1920,590,1283,961,3587,355,310M600US12700,"Barnstable Town, MA Metro Area",310M600US12700
37,235709,136907,10684,29202,27940,3103,2632,1634,1862,1463,1702,2677,615,4692,3650,2291,8638,6037,3881,2432,1320,2384,5263,1396,310M600US12940,"Baton Rouge, LA Metro Area",310M600US12940
38,40747,23645,2674,5341,3473,876,892,673,782,679,522,624,140,1403,1195,668,1733,1302,875,284,391,472,572,267,310M600US12980,"Battle Creek, MI Metro Area",310M600US12980
39,33362,17811,2211,3988,3333,878,675,487,612,546,457,342,378,1625,1011,805,2071,765,567,581,154,364,1439,468,310M600US13020,"Bay City, MI Metro Area",310M600US13020
40,102198,45726,4079,9838,11915,1774,1456,1026,600,962,696,1192,341,3641,2386,2083,6154,3373,2318,1336,602,1712,5157,891,310M600US13140,"Beaumont-Port Arthur, TX Metro Area",310M600US13140
41,26016,15860,825,2972,3511,761,708,632,607,302,145,405,39,1077,675,463,1429,840,398,410,301,180,824,156,310M600US13180,"Beaver Dam, WI Micro Area",310M600US13180
42,32131,15380,1412,4649,3445,1202,922,552,89,344,401,443,102,1453,1090,874,1096,1348,208,78,271,388,1370,219,310M600US13220,"Beckley, WV Metro Area",310M600US13220
43,61869,39952,2205,4348,6975,1293,1136,1464,953,784,748,1430,203,1940,1254,1055,2072,1773,955,486,786,708,1306,281,310M600US13380,"Bellingham, WA Metro Area",310M600US13380
44,58167,39032,3165,5472,8069,1777,1071,901,1069,946,930,1128,99,1785,1424,896,1209,1149,623,479,471,261,1207,544,310M600US13460,"Bend, OR Metro Area",310M600US13460
45,57357,31848,2697,5407,5584,1312,1296,1348,663,534,604,753,176,1931,1792,1276,3613,1217,1146,786,362,631,1350,8,310M600US13740,"Billings, MT Metro Area",310M600US13740
46,67404,36846,3980,8005,7949,1270,1031,851,531,439,860,734,269,1875,1413,1152,4988,2682,1104,343,267,941,2123,273,310M600US13780,"Binghamton, NY Metro Area",310M600US13780
47,308276,184475,23424,41921,36851,3464,2722,2307,1324,1514,1569,2308,503,4485,3812,2281,10132,5385,3257,2932,2221,2833,7900,1395,310M600US13820,"Birmingham-Hoover, AL Metro Area",310M600US13820
48,40665,23333,774,3915,5148,1107,1383,744,626,621,501,941,170,1785,1766,747,1415,928,477,625,43,259,999,160,310M600US13900,"Bismarck, ND Metro Area",310M600US13900
49,38565,20239,2546,4039,4450,823,860,529,576,317,473,712,74,1512,1296,880,1820,503,206,240,33,0,570,203,310M600US13980,"Blacksburg-Christiansburg, VA Metro Area",310M600US13980
50,44323,28278,2373,6562,6737,1325,970,766,826,512,294,791,350,1520,1151,933,1772,1157,214,307,330,320,825,35,310M600US14010,"Bloomington, IL Metro Area",310M600US14010
51,38818,24991,3734,5867,4525,986,915,711,501,566,576,757,207,1618,1240,869,1520,892,229,97,39,166,753,327,310M600US14020,"Bloomington, IN Metro Area",310M600US14020
52,24619,12174,1869,2356,2708,537,389,351,352,372,221,473,66,1147,812,677,1540,578,173,336,363,402,1011,102,310M600US14100,"Bloomsburg-Berwick, PA Metro Area",310M600US14100
53,31988,11813,1645,3269,2353,720,447,548,442,266,145,511,78,1779,1270,1232,2798,1723,650,598,368,529,885,93,310M600US14140,"Bluefield, WV-VA Micro Area",310M600US14140
54,222201,149135,15960,26664,29109,2752,2552,1811,1329,1580,1309,1830,395,3512,3052,1748,5447,3625,2291,1230,831,1103,2912,786,310M600US14260,"Boise City, ID Metro Area",310M600US14260
55,1197386,794707,64028,129422,152154,5624,6454,4982,4111,3369,3536,5123,1145,8941,5990,4699,45389,31136,22771,14885,12995,14206,39756,4462,310M600US14460,"Boston-Cambridge-Newton, MA-NH Metro Area",310M600US14460
56,84061,55814,5452,11857,10304,1633,1450,970,1012,1167,905,1342,218,2281,1989,701,2007,2647,489,1091,639,659,1929,229,310M600US14500,"Boulder, CO Metro Area",310M600US14500
57,42927,26098,2900,6216,6809,1591,1126,818,578,373,526,792,204,1799,1435,724,1327,1288,537,319,305,0,1193,316,310M600US14540,"Bowling Green, KY Metro Area",310M600US14540
58,33057,20347,1763,2521,4539,1174,785,624,720,588,639,908,182,1665,1116,1220,811,790,625,571,340,191,752,122,310M600US14580,"Bozeman, MT Micro Area",310M600US14580
59,34506,20827,1961,3781,4112,832,544,594,347,355,503,439,55,1041,677,432,1145,745,837,428,219,338,1091,426,310M600US14660,"Brainerd, MN Micro Area",310M600US14660
60,76570,52508,3022,8222,9595,1503,1499,1521,1227,841,787,1137,451,2066,1480,942,2656,1446,1097,297,366,453,2074,209,310M600US14740,"Bremerton-Silverdale-Port Orchard, WA Metro Area",310M600US14740
61,238141,158825,12206,25613,28104,3004,2475,2219,1894,1600,1524,3061,678,4272,2695,1640,8685,7038,2928,2927,2079,4537,10473,1052,310M600US14860,"Bridgeport-Stamford-Norwalk, CT Metro Area",310M600US14860
62,91171,36654,2888,6278,6917,1738,1439,1183,874,472,949,1036,647,2797,2408,1850,6202,3399,2369,1770,1515,1706,2946,1284,310M600US15180,"Brownsville-Harlingen, TX Metro Area",310M600US15180
63,33125,15213,2067,3692,2473,934,654,638,513,496,648,621,280,2046,1631,1061,1134,1888,413,447,102,426,863,415,310M600US15260,"Brunswick, GA Metro Area",310M600US15260
64,334207,190800,22790,41282,39616,3036,2878,2150,2043,1658,1358,2015,621,5185,3674,2462,15456,9231,6078,4498,2528,3916,11385,2158,310M600US15380,"Buffalo-Cheektowaga, NY Metro Area",310M600US15380
65,43808,26847,2706,6639,6666,1613,1054,688,635,584,616,548,15,1805,1399,730,1306,1229,780,299,19,234,833,193,310M600US15500,"Burlington, NC Metro Area",310M600US15500
66,67746,46288,1751,7298,11208,1494,1562,1386,856,619,680,1619,67,1864,1149,849,3710,1702,1238,603,752,550,2093,127,310M600US15540,"Burlington-South Burlington, VT Metro Area",310M600US15540
67,32325,22985,1955,6241,5326,996,1153,1091,478,426,269,623,119,1559,1149,638,391,630,0,248,345,193,688,284,310M600US15680,"California-Lexington Park, MD Metro Area",310M600US15680
68,116381,66980,9167,14442,15988,2126,1529,1073,1058,743,680,1322,88,3298,2193,1320,4472,2949,1811,1459,1442,921,3070,473,310M600US15940,"Canton-Massillon, OH Metro Area",310M600US15940
69,250958,128907,8846,19929,21444,2779,2529,1956,2089,1801,1555,2507,479,4512,3292,2581,12292,8573,7730,3687,3087,3799,10191,2963,310M600US15980,"Cape Coral-Fort Myers, FL Metro Area",310M600US15980
70,24856,14099,1463,4344,3192,832,795,433,394,263,277,466,154,1519,1039,803,838,598,417,308,175,238,579,0,310M600US16020,"Cape Girardeau, MO-IL Metro Area",310M600US16020
71,35651,18978,2245,4098,3964,888,955,632,297,400,628,531,120,1567,1000,657,2830,860,511,418,542,198,744,137,310M600US16060,"Carbondale-Marion, IL Metro Area",310M600US16060
72,13850,7352,703,1541,1381,499,266,485,376,157,520,446,228,1108,816,565,675,138,138,390,95,343,488,6,310M600US16180,"Carson City, NV Metro Area",310M600US16180
73,25079,15365,1621,2315,3209,991,867,522,603,713,287,604,207,1147,1018,669,777,430,225,192,100,90,98,96,310M600US16220,"Casper, WY Metro Area",310M600US16220
74,86927,52806,3684,12168,12574,1662,1425,1024,946,618,553,887,239,2007,1549,1182,3559,2396,1072,1306,673,1239,1795,483,310M600US16300,"Cedar Rapids, IA Metro Area",310M600US16300
75,24788,14519,1294,2514,2606,732,568,569,790,503,482,618,214,1141,871,726,1543,700,467,465,160,187,897,127,310M600US16500,"Centralia, WA Micro Area",310M600US16500
76,47976,30202,2201,5649,6474,1123,1198,811,990,757,694,998,190,1763,1258,927,2360,454,489,220,564,208,960,206,310M600US16540,"Chambersburg-Waynesboro, PA Metro Area",310M600US16540
77,51641,31865,3122,6811,7268,1418,1262,1029,538,784,488,1081,266,1642,1536,1007,1918,1305,483,406,179,536,1036,140,310M600US16580,"Champaign-Urbana, IL Metro Area",310M600US16580
78,73875,33592,4297,8574,8630,1384,890,855,599,462,443,758,148,2445,1774,1076,4022,3086,1756,775,772,345,2241,537,310M600US16620,"Charleston, WV Metro Area",310M600US16620
79,237309,160586,15789,30070,31115,3063,3178,2407,1632,1548,1740,2882,330,4389,3765,1777,7475,4573,1969,1577,1510,2228,4625,1854,310M600US16700,"Charleston-North Charleston, SC Metro Area",310M600US16700
80,715006,491746,64629,115487,97156,4684,4874,3353,2625,2862,2397,3420,1116,7742,5778,3314,19232,10853,6900,4823,2693,3382,11521,3182,310M600US16740,"Charlotte-Concord-Gastonia, NC-SC Metro Area",310M600US16740
81,58732,36401,4606,6028,8889,1696,1338,748,780,382,667,1055,386,1887,1537,846,1462,860,711,403,422,1094,876,565,310M600US16820,"Charlottesville, VA Metro Area",310M600US16820
82,161090,89188,11911,21400,17378,2285,1983,1832,1109,888,783,1644,229,3931,3192,1948,6028,5311,1833,1081,1303,1024,3220,1333,310M600US16860,"Chattanooga, TN-GA Metro Area",310M600US16860
83,30778,21195,1246,2772,4522,1291,1102,1101,677,534,359,941,207,1716,982,846,1480,233,652,227,345,515,696,0,310M600US16940,"Cheyenne, WY Metro Area",310M600US16940
84,2438369,1561593,123474,269694,307265,8233,7580,7291,5953,5683,5102,7223,1800,11751,8658,6473,112354,63389,40563,31610,20605,29420,77000,11481,310M600US16980,"Chicago-Naperville-Elgin, IL-IN-WI Metro Area",310M600US16980
85,47263,29269,2185,3013,5660,1306,1038,863,914,634,1017,1034,218,1944,1466,689,1888,1579,1070,606,467,573,1448,345,310M600US17020,"Chico, CA Metro Area",310M600US17020
86,20385,11523,1125,3230,2558,858,787,408,356,204,472,588,208,1257,1024,663,1748,889,392,22,0,177,17,210,310M600US17060,"Chillicothe, OH Micro Area",310M600US17060
87,633093,416549,45363,100718,90606,5099,4138,3265,2651,1949,2310,3436,1040,6207,4441,3084,25526,12591,8511,5537,3710,4046,13478,2782,310M600US17140,"Cincinnati, OH-KY-IN Metro Area",310M600US17140
88,27287,11825,1568,3807,2674,898,604,363,489,151,173,300,42,1540,1179,706,1387,577,204,207,80,274,468,592,310M600US17220,"Clarksburg, WV Micro Area",310M600US17220
89,81513,55458,4575,12333,11066,1759,1166,1335,1197,1195,1483,1310,167,2643,1815,1131,2237,1078,1245,653,13,608,2029,563,310M600US17300,"Clarksville, TN-KY Metro Area",310M600US17300
90,19973,9404,822,524,1198,594,503,446,614,635,620,782,218,1429,806,937,1431,820,829,507,584,283,927,107,310M600US17340,"Clearlake, CA Micro Area",310M600US17340
91,35578,17943,1724,3455,3988,1019,864,567,595,225,507,700,107,1901,1678,603,1504,830,169,30,109,623,1260,202,310M600US17420,"Cleveland, TN Metro Area",310M600US17420
92,593412,359170,38075,79828,75084,4556,3875,3156,2095,1768,2064,3274,600,5783,4480,3088,26896,15921,9189,6716,5135,6027,19499,3622,310M600US17460,"Cleveland-Elyria, OH Metro Area",310M600US17460
93,50563,33141,2637,6862,6948,1442,1079,748,832,458,756,1386,288,1734,1507,984,1286,1227,481,663,262,335,967,288,310M600US17660,"Coeur d'Alene, ID Metro Area",310M600US17660
94,55479,28651,1788,6206,6979,1701,1369,944,519,554,427,809,426,2334,1701,1272,2508,1047,1235,551,388,1064,1711,163,310M600US17780,"College Station-Bryan, TX Metro Area",310M600US17780
95,199700,138890,10810,22618,25339,2442,2762,2187,1727,1780,1500,2120,448,3417,2635,1540,6656,1585,3217,943,664,629,3398,923,310M600US17820,"Colorado Springs, CO Metro Area",310M600US17820
96,53627,32443,3954,7597,6366,1199,1073,660,746,638,529,663,340,1951,1470,1001,2074,1195,467,154,157,606,1344,742,310M600US17860,"Columbia, MO Metro Area",310M600US17860
97,237973,149829,15895,35743,31499,2996,2110,1823,1682,1385,2105,1779,535,4144,3257,2067,7503,4493,1640,1566,1125,1918,2695,1408,310M600US17900,"Columbia, SC Metro Area",310M600US17900
98,72695,41424,3609,9250,7317,1696,1501,1212,1270,650,568,1254,526,2592,2059,1614,4666,1475,727,389,543,485,2135,714,310M600US17980,"Columbus, GA-AL Metro Area",310M600US17980
99,24409,14780,2240,3268,3383,975,969,253,335,393,333,803,207,1535,1100,486,594,383,313,310,69,141,1012,519,310M600US18020,"Columbus, IN Metro Area",310M600US18020
100,529193,358814,36118,74251,81288,4188,3858,3049,2147,1694,2171,2436,763,5676,4010,3218,18611,11799,7831,4087,3545,3912,9466,2300,310M600US18140,"Columbus, OH Metro Area",310M600US18140
101,45771,28835,2352,3695,5267,1001,1106,994,770,670,497,706,156,1430,948,959,2017,1190,1396,819,452,558,1421,51,310M600US18180,"Concord, NH Micro Area",310M600US18180
102,31693,15893,1220,2858,3016,900,823,634,409,485,632,797,88,1627,1559,639,1471,324,685,258,158,558,819,462,310M600US18260,"Cookeville, TN Micro Area",310M600US18260
103,29498,14421,1788,3284,2652,679,485,532,329,303,289,305,217,1185,754,562,1638,823,471,570,350,219,1385,80,310M600US18500,"Corning, NY Micro Area",310M600US18500
104,96711,49776,3426,9388,8909,1689,1696,1565,827,1115,1123,1468,338,3085,1949,1763,6127,3187,2518,1856,1734,742,2596,592,310M600US18580,"Corpus Christi, TX Metro Area",310M600US18580
105,21842,12090,805,1746,2544,819,677,436,319,400,301,734,214,1456,1116,732,659,663,246,322,106,157,208,34,310M600US18700,"Corvallis, OR Metro Area",310M600US18700
106,87465,52144,3490,7564,9211,1522,1859,1528,1226,1307,1279,1407,239,2523,2124,1225,3278,1829,1154,299,335,635,2143,301,310M600US18880,"Crestview-Fort Walton Beach-Destin, FL Metro Area",310M600US18880
107,28214,14037,1725,3467,3028,913,774,386,359,473,112,698,76,1568,1324,636,845,806,796,328,141,253,1133,402,310M600US18980,"Cullman, AL Micro Area",310M600US18980
108,26646,12808,1416,3874,2609,741,746,283,210,400,325,514,210,1520,1167,707,1012,807,689,282,198,725,879,319,310M600US19060,"Cumberland, MD-WV Metro Area",310M600US19060
109,1751148,1099988,79041,182378,219053,7998,8718,5875,5551,4384,4651,6778,1815,10141,8342,6845,81369,47502,30065,19150,16258,16546,48713,7629,310M600US19100,"Dallas-Fort Worth-Arlington, TX Metro Area",310M600US19100
110,34116,18514,1751,4628,4959,1321,893,603,491,519,679,665,228,1853,1664,795,1030,518,701,200,247,341,672,34,310M600US19140,"Dalton, GA Metro Area",310M600US19140
111,20210,8880,1414,1889,2278,861,303,358,147,389,141,417,157,933,864,394,1358,756,199,350,57,219,402,64,310M600US19180,"Danville, IL Metro Area",310M600US19180
112,28664,12231,1570,2242,2385,714,499,560,532,165,439,496,100,1303,924,881,1698,878,429,92,781,715,827,275,310M600US19260,"Danville, VA Micro Area",310M600US19260
113,76213,45042,4140,9567,8624,1611,1654,1272,1071,790,985,1805,482,2854,2804,1002,2056,1359,1114,673,216,457,1071,739,310M600US19300,"Daphne-Fairhope-Foley, AL Metro Area",310M600US19300
114,115727,70437,7231,16105,14833,1655,1836,1198,1066,591,879,1202,261,2499,1820,1307,5541,3039,2247,1330,688,728,2694,940,310M600US19340,"Davenport-Moline-Rock Island, IA-IL Metro Area",310M600US19340
115,226436,137617,13445,34093,29523,2876,2136,2229,1394,1175,940,1674,298,4587,2630,2398,11143,5480,2947,2364,1610,964,5521,1162,310M600US19430,"Dayton-Kettering, OH Metro Area",310M600US19430
116,48036,24192,3043,3417,6695,1345,855,824,542,665,389,987,543,1863,1552,1319,1936,1246,934,229,47,555,1012,454,310M600US19460,"Decatur, AL Metro Area",310M600US19460
117,31902,18126,1539,4546,4293,932,746,468,703,292,716,391,74,1274,972,741,1677,1357,540,47,171,163,810,171,310M600US19500,"Decatur, IL Metro Area",310M600US19500
118,222979,121377,9381,20289,21928,2845,2528,1906,1651,1302,1612,1964,428,4507,3147,2282,12945,5839,4820,2970,2190,2392,7455,1485,310M600US19660,"Deltona-Daytona Beach-Ormond Beach, FL Metro Area",310M600US19660
119,789798,577051,48473,97748,114463,4971,5161,5075,3446,2921,3302,3492,608,6008,4288,3027,20220,11003,6097,4990,3042,4282,16240,1943,310M600US19740,"Denver-Aurora-Lakewood, CO Metro Area",310M600US19740
120,210841,145486,13147,31738,34135,3365,2635,1788,1525,1203,1097,1986,383,3293,2443,1740,9250,4418,2047,1403,1961,1307,2783,679,310M600US19780,"Des Moines-West Des Moines, IA Metro Area",310M600US19780
121,1259674,747010,76034,159580,153931,5332,5226,3978,3599,2624,3285,4509,943,9209,5468,4648,58245,37399,21971,13796,9746,15163,43632,9749,310M600US19820,"Detroit-Warren-Dearborn, MI Metro Area",310M600US19820
122,42212,22376,3113,5701,4481,771,799,478,319,213,325,324,110,1513,1246,671,1478,937,422,260,118,357,686,581,310M600US20020,"Dothan, AL Metro Area",310M600US20020
123,54392,36667,2895,6728,7892,1682,1466,1039,696,511,855,876,37,2140,1716,1000,1034,987,145,295,57,408,890,8,310M600US20100,"Dover, DE Metro Area",310M600US20100
124,15425,6327,1354,1381,599,325,466,330,584,125,54,444,228,1160,1073,596,1220,273,82,265,72,280,575,196,310M600US20140,"Dublin, GA Micro Area",310M600US20140
125,25257,12294,1577,3444,2881,713,585,460,180,66,111,463,28,1103,937,629,1412,608,499,304,270,282,634,66,310M600US20180,"DuBois, PA Micro Area",310M600US20180
126,29421,16610,1323,3935,3377,684,641,725,514,206,556,461,114,1363,1076,789,884,773,633,461,100,193,809,0,310M600US20220,"Dubuque, IA Metro Area",310M600US20220
127,91646,52067,4522,11231,11890,1303,921,821,775,653,1008,678,265,1837,1578,1092,4209,1926,1638,1194,909,730,3168,432,310M600US20260,"Duluth, MN-WI Metro Area",310M600US20260
128,175256,113508,14755,25845,22356,2167,2536,1770,1580,1071,1296,1744,434,4024,3158,1795,4923,2541,2397,1531,736,737,2467,515,310M600US20500,"Durham-Chapel Hill, NC Metro Area",310M600US20500
129,47497,28098,3156,4664,5560,1293,863,1019,574,556,749,899,317,1833,1266,891,2412,1266,928,469,640,1379,1745,467,310M600US20700,"East Stroudsburg, PA Metro Area",310M600US20700
130,49021,28993,1803,6440,7034,1063,941,963,639,464,475,502,247,1828,1200,835,2160,1393,1226,803,126,246,972,87,310M600US20740,"Eau Claire, WI Metro Area",310M600US20740
131,29870,17654,1555,2148,3743,1169,913,607,629,741,758,916,222,1542,1069,957,1437,573,841,167,155,177,846,152,310M600US20940,"El Centro, CA Metro Area",310M600US20940
132,41771,26541,3053,4733,7053,1167,806,930,499,481,646,1080,124,1840,1359,1057,843,630,410,124,182,260,773,314,310M600US21060,"Elizabethtown-Fort Knox, KY Metro Area",310M600US21060
133,50909,32106,5489,7078,5883,1181,938,1111,498,806,680,974,288,1837,1344,667,2403,927,605,586,122,467,717,304,310M600US21140,"Elkhart-Goshen, IN Metro Area",310M600US21140
134,23699,12439,861,2394,2306,589,684,693,462,268,299,663,30,1351,983,540,1231,836,727,442,300,345,737,46,310M600US21300,"Elmira, NY Metro Area",310M600US21300
135,188920,95148,6579,14076,14987,2927,3037,2337,2004,1040,1943,2459,701,5482,3732,2649,9467,6914,4905,2106,1569,2088,8253,556,310M600US21340,"El Paso, TX Metro Area",310M600US21340
136,15180,7840,973,1798,715,356,751,381,263,260,361,381,156,1043,837,511,1115,409,53,81,218,8,399,184,310M600US21420,"Enid, OK Metro Area",310M600US21420
137,77556,38535,3648,8212,8153,1630,1149,901,857,581,909,1003,272,2632,1777,1463,3915,2766,1268,1388,672,1821,2188,570,310M600US21500,"Erie, PA Metro Area",310M600US21500
138,96381,59299,3832,8435,9332,1569,2017,1219,1244,863,958,1413,180,2434,1566,990,4062,2241,1138,1646,518,1606,3680,793,310M600US21660,"Eugene-Springfield, OR Metro Area",310M600US21660
139,31545,15962,980,1875,2347,674,713,534,586,537,537,893,180,1484,1234,759,1693,1243,331,389,143,425,1593,582,310M600US21700,"Eureka-Arcata, CA Micro Area",310M600US21700
140,91642,53520,5243,11717,13308,1703,1322,711,1067,678,811,1047,292,2517,2001,1225,3483,2339,1670,623,712,1203,1804,535,310M600US21780,"Evansville, IN-KY Metro Area",310M600US21780
141,22257,12867,130,1956,2428,870,988,536,688,273,594,699,170,1450,1113,852,1144,617,310,69,74,310,532,89,310M600US21820,"Fairbanks, AK Metro Area",310M600US21820
142,62346,39796,3490,7550,9295,1396,1084,984,1026,500,659,1093,210,1868,1541,1010,2186,1727,752,484,419,432,831,121,310M600US22020,"Fargo, ND-MN Metro Area",310M600US22020
143,17277,11236,805,2117,2191,591,480,374,377,265,265,434,291,859,519,316,822,367,342,98,19,83,489,25,310M600US22060,"Faribault-Northfield, MN Micro Area",310M600US22060
144,16524,9139,1335,1804,1942,720,465,467,265,397,234,489,95,992,782,624,457,517,443,196,56,68,426,132,310M600US22100,"Farmington, MO Micro Area",310M600US22100
145,29870,12750,1099,2041,2528,753,491,734,559,338,530,662,108,1739,985,804,1165,1215,984,462,404,612,1893,407,310M600US22140,"Farmington, NM Metro Area",310M600US22140
146,125147,81775,8183,15655,14635,1648,1812,1285,1191,939,1021,1435,409,2893,1918,1301,4159,2314,1759,1075,661,1026,2509,1148,310M600US22180,"Fayetteville, NC Metro Area",310M600US22180
147,137525,87911,8292,19821,23291,2661,2054,1547,1467,1149,858,1485,110,3180,2760,1497,4617,2202,2165,944,909,1159,2539,1156,310M600US22220,"Fayetteville-Springdale-Rogers, AR Metro Area",310M600US22220
148,21992,12300,1715,3336,2166,693,875,605,399,283,288,299,208,1252,1034,605,768,491,267,42,396,187,437,0,310M600US22300,"Findlay, OH Micro Area",310M600US22300
149,30466,14871,1397,2746,2869,734,559,560,637,339,407,860,45,1590,1058,686,786,613,562,641,166,172,1242,420,310M600US22380,"Flagstaff, AZ Metro Area",310M600US22380
150,117702,67588,6403,13899,13415,1688,1670,1247,822,1409,854,1545,374,2695,1796,1506,5891,4139,1947,1446,1314,2198,3184,753,310M600US22420,"Flint, MI Metro Area",310M600US22420
151,51318,25266,4290,5686,4027,1383,946,1056,601,611,830,768,222,2461,1791,1221,1846,789,746,1257,248,579,1341,905,310M600US22500,"Florence, SC Metro Area",310M600US22500
152,44640,23961,2871,6297,4435,832,842,525,582,400,530,1053,208,1674,1488,903,1898,1328,1024,231,166,850,1143,153,310M600US22520,"Florence-Muscle Shoals, AL Metro Area",310M600US22520
153,29781,17285,1729,3629,4456,867,648,486,382,375,464,459,159,1069,979,653,1145,1110,364,260,213,206,608,0,310M600US22540,"Fond du Lac, WI Metro Area",310M600US22540
154,98747,67284,6097,10329,14938,2481,1760,1102,1306,1005,978,1185,411,2537,1975,899,3459,1908,1084,895,523,709,2718,233,310M600US22660,"Fort Collins, CO Metro Area",310M600US22660
155,19244,7810,1361,1218,1316,504,453,514,199,271,253,424,87,1196,1109,613,1395,484,409,88,102,144,591,97,310M600US22840,"Fort Payne, AL Micro Area",310M600US22840
156,65967,32580,4050,6418,7200,1517,1182,887,675,372,768,890,277,2521,2063,1069,3497,2387,788,626,567,566,1588,853,310M600US22900,"Fort Smith, AR-OK Metro Area",310M600US22900
157,119891,77801,10459,18689,16251,2033,2060,1626,1170,688,640,1166,345,2392,2263,1331,3782,1641,1479,539,632,426,2255,504,310M600US23060,"Fort Wayne, IN Metro Area",310M600US23060
158,22981,14835,1259,3355,2414,715,615,493,619,517,290,427,204,998,798,424,574,618,480,42,93,154,331,87,310M600US23180,"Frankfort, KY Micro Area",310M600US23180
159,179791,118761,9215,16211,21723,2779,2746,2149,1414,1410,1551,2264,705,3230,2477,1887,6119,3975,1202,1356,1404,2332,5187,1014,310M600US23420,"Fresno, CA Metro Area",310M600US23420
160,29272,14120,807,3426,3505,1069,529,822,362,406,514,489,208,1252,1317,640,1523,1492,518,528,254,275,666,143,310M600US23460,"Gadsden, AL Metro Area",310M600US23460
161,84300,46726,3628,9218,10663,1566,1311,1383,1523,610,1747,1470,63,2599,2173,1484,2692,2122,1329,714,68,746,1639,1186,310M600US23540,"Gainesville, FL Metro Area",310M600US23540
162,51922,32316,3512,5527,6686,1191,1164,1149,630,793,652,1010,79,1456,1535,952,2266,1483,148,260,305,566,1131,210,310M600US23580,"Gainesville, GA Metro Area",310M600US23580
163,15690,3798,452,602,1081,477,250,354,187,165,187,162,80,743,747,309,1236,761,318,367,493,398,543,582,310M600US23700,"Gallup, NM Micro Area",310M600US23700
164,31086,18639,1718,3410,4037,808,853,766,366,250,403,399,99,1141,864,608,1383,1096,311,392,172,325,971,26,310M600US23900,"Gettysburg, PA Metro Area",310M600US23900
165,41027,22710,1490,4810,4427,845,699,559,480,438,661,717,217,1285,877,914,2079,1514,801,636,337,531,1793,146,310M600US24020,"Glens Falls, NY Metro Area",310M600US24020
166,22775,13831,532,2490,2438,715,424,730,667,434,501,713,208,1563,1034,517,912,266,704,162,246,520,793,345,310M600US24060,"Glenwood Springs, CO Micro Area",310M600US24060
167,28807,15660,1683,2642,3080,984,906,754,362,409,194,828,221,1863,1347,812,938,365,261,305,41,170,562,121,310M600US24140,"Goldsboro, NC Metro Area",310M600US24140
168,20758,11115,650,1835,1839,701,623,639,681,487,287,724,237,1465,874,716,946,546,511,78,155,568,1089,69,310M600US24180,"Granbury, TX Micro Area",310M600US24180
169,26664,16123,1488,3306,3006,667,621,534,302,452,549,466,210,1113,827,581,1226,639,358,165,156,72,787,43,310M600US24220,"Grand Forks, ND-MN Metro Area",310M600US24220
170,20330,11793,1118,2154,2737,944,540,407,494,195,234,697,249,1183,1020,437,1079,576,324,133,154,249,398,30,310M600US24260,"Grand Island, NE Metro Area",310M600US24260
171,49793,34405,2191,5606,6904,1522,1153,681,880,731,846,1667,218,1659,1257,933,1326,538,453,202,525,258,851,83,310M600US24300,"Grand Junction, CO Metro Area",310M600US24300
172,300541,185062,20082,42244,42633,2849,2540,2217,1325,1474,1678,1933,175,3750,3129,2329,10947,8286,2894,2513,1379,3143,5639,965,310M600US24340,"Grand Rapids-Kentwood, MI Metro Area",310M600US24340
173,25902,15455,1244,2044,1437,506,768,808,539,403,489,1238,330,1278,912,501,759,652,949,400,0,349,1142,583,310M600US24420,"Grants Pass, OR Metro Area",310M600US24420
174,24482,14788,965,2526,2838,690,895,664,399,480,495,610,71,1092,762,610,780,905,565,325,265,47,635,163,310M600US24500,"Great Falls, MT Metro Area",310M600US24500
175,95218,68899,5203,10223,13035,2028,2048,1799,1568,1303,788,1685,497,2398,1588,1479,2281,1343,562,432,509,909,1611,455,310M600US24540,"Greeley, CO Metro Area",310M600US24540
176,94158,57869,4891,13047,13692,1668,1426,1138,853,611,970,1141,173,2091,1717,1181,4808,2259,1435,738,677,551,2138,321,310M600US24580,"Green Bay, WI Metro Area",310M600US24580
177,21955,9994,909,1689,2638,893,501,696,430,285,442,492,139,1460,993,944,1172,672,180,392,126,362,176,422,310M600US24620,"Greeneville, TN Micro Area",310M600US24620
178,204357,125101,14494,29047,23323,2865,2301,1700,1640,1226,1471,1995,972,4061,3162,1987,7431,4514,3664,1781,817,789,4717,1601,310M600US24660,"Greensboro-High Point, NC Metro Area",310M600US24660
179,39591,24980,1835,5603,4646,1075,1180,874,308,741,775,653,221,1939,1490,895,942,1441,810,286,107,247,656,149,310M600US24780,"Greenville, NC Metro Area",310M600US24780
180,276604,163020,20952,33324,32895,3424,2224,2250,1670,1363,1627,2166,601,5179,3782,2814,8699,5553,2877,2224,1905,1480,6729,1360,310M600US24860,"Greenville-Anderson, SC Metro Area",310M600US24860
181,18904,8166,1160,1250,609,355,785,627,271,421,569,436,33,1327,1077,749,993,409,435,154,104,50,396,359,310M600US24940,"Greenwood, SC Micro Area",310M600US24940
182,19880,7532,908,1552,1137,666,488,482,291,194,478,570,125,1613,1148,738,1312,765,554,266,208,176,897,1114,310M600US25020,"Guayama, PR Metro Area",310M600US25020
183,113869,62562,6692,12419,10925,1519,1509,1394,959,691,1081,1403,469,2784,2426,1389,5266,2406,1404,1086,1355,1242,3625,820,310M600US25060,"Gulfport-Biloxi, MS Metro Area",310M600US25060
184,85021,54539,4849,12301,11615,1686,1510,1104,988,930,920,1442,239,2173,1680,1424,2245,1726,537,979,232,526,1507,952,310M600US25180,"Hagerstown-Martinsburg, MD-WV Metro Area",310M600US25180
185,37534,18188,2313,2709,4357,1360,894,588,682,718,618,832,162,2616,1973,1155,1472,1065,871,285,354,306,524,762,310M600US25220,"Hammond, LA Metro Area",310M600US25220
186,24973,16160,1023,2546,3146,1133,738,753,783,864,291,936,257,1629,1650,609,424,464,161,318,172,59,630,68,310M600US25260,"Hanford-Corcoran, CA Metro Area",310M600US25260
187,166240,103525,9622,18453,22304,2118,1895,2074,1518,1132,1243,2034,444,3344,2204,1417,5630,3762,2518,1725,1160,1822,2922,392,310M600US25420,"Harrisburg-Carlisle, PA Metro Area",310M600US25420
188,30747,19126,2451,3401,3965,871,941,746,376,333,388,487,214,1321,1096,589,844,644,582,572,148,108,842,86,310M600US25500,"Harrisonburg, VA Metro Area",310M600US25500
189,328383,211120,15677,38649,45787,3324,3150,2682,1965,1420,1740,2415,351,4786,2986,2138,15068,8566,5989,3382,3494,4199,10314,1050,310M600US25540,"Hartford-East Hartford-Middletown, CT Metro Area",310M600US25540
190,44054,21899,1531,4189,4355,1128,989,920,695,727,523,811,217,2379,1473,1199,1934,1122,821,318,650,139,1411,314,310M600US25620,"Hattiesburg, MS Metro Area",310M600US25620
191,22865,15121,1645,2481,2705,852,688,756,293,351,386,682,150,947,774,298,621,419,271,231,64,205,413,52,310M600US25720,"Heber, UT Micro Area",310M600US25720
192,24658,14793,1185,2824,1802,681,857,736,592,503,571,546,42,1288,1363,370,1029,403,136,103,468,388,501,62,310M600US25740,"Helena, MT Micro Area",310M600US25740
193,22576,12760,1074,2917,3110,1011,788,486,378,243,391,547,44,1528,1199,588,592,609,274,433,75,88,341,95,310M600US25840,"Hermiston-Pendleton, OR Micro Area",310M600US25840
194,113283,64416,7683,14111,13238,1799,1510,1379,1087,691,954,1459,281,2415,2613,1507,4027,1779,1134,1313,633,665,1219,510,310M600US25860,"Hickory-Lenoir-Morganton, NC Metro Area",310M600US25860
195,55193,29731,1999,3861,5387,1364,1096,822,822,581,712,1537,307,2207,1770,755,2071,471,718,611,329,261,2134,1270,310M600US25900,"Hilo, HI Micro Area",310M600US25900
196,69961,39917,4779,6999,7296,1536,1031,916,905,1056,818,1587,222,2512,2175,1308,2348,975,1260,876,98,903,1392,296,310M600US25940,"Hilton Head Island-Bluffton, SC Metro Area",310M600US25940
197,15894,10580,1242,2101,1966,688,684,498,375,439,288,645,228,1045,889,503,340,230,51,109,94,35,148,0,310M600US25980,"Hinesville, GA Metro Area",310M600US25980
198,18611,9161,596,2505,1123,624,757,347,222,758,441,626,173,1517,1378,646,646,407,627,0,120,145,280,569,310M600US26020,"Hobbs, NM Micro Area",310M600US26020
199,39546,22276,2265,4841,5587,1119,787,552,432,378,365,490,184,1413,1178,867,1733,1117,1121,365,169,242,587,166,310M600US26090,"Holland, MI Micro Area",310M600US26090
200,62133,28956,2062,4880,4814,1285,907,1200,771,693,882,1120,190,2540,1995,1295,2814,2368,2078,785,508,1215,1717,545,310M600US26140,"Homosassa Springs, FL Metro Area",310M600US26140
201,32420,15112,1468,3121,2968,874,804,582,549,357,346,730,95,1611,1621,856,1543,993,297,369,155,341,1561,222,310M600US26300,"Hot Springs, AR Metro Area",310M600US26300
202,63201,29024,4855,3878,6568,1565,1062,911,590,424,589,1152,202,2325,1874,1523,3941,1972,1442,744,279,126,1855,902,310M600US26380,"Houma-Thibodaux, LA Metro Area",310M600US26380
203,1624206,945471,75279,153816,186689,8209,8437,6165,4894,4604,4533,6723,1562,12897,9345,7694,74145,42533,28499,18902,14869,18102,46819,11369,310M600US26420,"Houston-The Woodlands-Sugar Land, TX Metro Area",310M600US26420
204,109556,54821,6853,14728,11062,1662,1145,1253,664,644,738,987,278,3021,2346,1429,7542,3727,2368,1529,1178,601,3254,512,310M600US26580,"Huntington-Ashland, WV-KY-OH Metro Area",310M600US26580
205,145502,92232,15097,22337,16772,1980,1758,1614,1243,643,706,2063,322,2745,2479,1475,3195,1660,1047,880,338,1110,2079,1439,310M600US26620,"Huntsville, AL Metro Area",310M600US26620
206,14657,6788,453,983,1992,1092,673,726,630,93,182,404,237,1301,956,489,1760,435,49,147,467,282,222,301,310M600US26660,"Huntsville, TX Micro Area",310M600US26660
207,40936,27051,2840,6559,4516,1068,945,675,532,616,634,893,158,1767,1378,852,682,295,174,552,102,180,353,223,310M600US26820,"Idaho Falls, ID Metro Area",310M600US26820
208,23332,11027,1393,2115,1731,472,402,436,317,279,273,565,101,963,804,434,1420,738,581,654,526,244,567,99,310M600US26860,"Indiana, PA Micro Area",310M600US26860
209,575447,397724,51307,96201,87273,5192,3383,3224,2650,2282,2763,3313,540,6396,5102,2560,18858,10526,4841,2859,3690,3423,9126,1819,310M600US26900,"Indianapolis-Carmel-Anderson, IN Metro Area",310M600US26900
210,45556,27885,1768,5653,6472,1087,1256,684,544,426,516,709,286,1753,1054,888,1367,836,757,723,411,457,1506,201,310M600US26980,"Iowa City, IA Metro Area",310M600US26980
211,23707,12171,889,2221,2422,789,798,725,652,235,350,399,95,1263,967,974,999,943,325,162,83,197,627,323,310M600US27060,"Ithaca, NY Metro Area",310M600US27060
212,46513,26135,2496,6558,5062,980,758,636,628,512,448,658,184,1350,1462,828,3090,1519,934,200,564,440,984,377,310M600US27100,"Jackson, MI Metro Area",310M600US27100
213,151521,85371,9619,17247,16089,2386,1709,1636,1540,993,1322,1412,423,3764,3132,1445,5166,3604,1817,1912,557,1981,3981,1244,310M600US27140,"Jackson, MS Metro Area",310M600US27140
214,46607,24744,2773,5360,5899,1064,682,528,538,504,802,757,125,1685,1269,841,2581,648,626,546,172,739,1202,581,310M600US27180,"Jackson, TN Metro Area",310M600US27180
215,451660,297381,26911,53841,60871,3769,4209,3181,3108,2396,2480,3805,990,6046,4388,2853,13739,9288,5588,3452,2981,1724,8693,1994,310M600US27260,"Jacksonville, FL Metro Area",310M600US27260
216,48643,34899,3251,6503,5993,1404,1155,1241,986,954,1895,696,319,1897,1445,615,1413,901,577,427,864,309,695,27,310M600US27340,"Jacksonville, NC Metro Area",310M600US27340
217,37858,19038,2740,4173,3011,806,857,572,561,323,351,614,217,1532,939,748,2530,1330,1267,515,99,219,1528,159,310M600US27460,"Jamestown-Dunkirk-Fredonia, NY Micro Area",310M600US27460
218,47355,29272,1987,5444,6565,1136,1179,775,593,890,834,620,62,1759,1133,996,2829,1252,668,275,391,572,764,458,310M600US27500,"Janesville-Beloit, WI Metro Area",310M600US27500
219,23489,16876,916,3033,4500,1073,805,644,331,428,853,797,228,956,636,576,566,365,93,106,88,16,276,267,310M600US27600,"Jefferson, GA Micro Area",310M600US27600
220,40699,22792,2673,5961,5763,1020,760,637,400,263,461,674,230,1702,1277,785,1568,1198,477,171,18,301,934,13,310M600US27620,"Jefferson City, MO Metro Area",310M600US27620
221,61114,29471,4356,6214,6871,1256,984,508,505,590,755,1347,111,2426,2181,1186,2974,1400,877,683,365,699,953,636,310M600US27740,"Johnson City, TN Metro Area",310M600US27740
222,41543,17778,3138,4920,3018,664,619,404,384,179,174,539,131,1523,1154,887,2879,1248,1352,632,377,500,1760,156,310M600US27780,"Johnstown, PA Metro Area",310M600US27780
223,33463,18704,2229,5667,4535,1309,739,662,427,150,421,569,409,2065,1280,1400,1138,721,611,222,206,89,492,32,310M600US27860,"Jonesboro, AR Metro Area",310M600US27860
224,47247,27888,2492,6456,5734,1159,1130,835,578,367,445,777,305,1533,1228,786,2375,1124,579,464,164,459,1405,219,310M600US27900,"Joplin, MO Metro Area",310M600US27900
225,36985,22208,1681,3184,2870,741,619,642,452,535,947,1154,154,1753,1452,824,1269,486,333,154,122,512,741,34,310M600US27980,"Kahului-Wailuku-Lahaina, HI Metro Area",310M600US27980
226,68954,42840,4770,9883,8659,1181,1339,932,807,835,389,1078,199,2157,1435,1439,3082,1611,1193,701,294,333,1068,589,310M600US28020,"Kalamazoo-Portage, MI Metro Area",310M600US28020
227,32598,19071,1179,3384,3677,933,833,651,629,301,327,744,113,1526,926,653,1423,1276,513,656,425,378,1883,180,310M600US28060,"Kalispell, MT Micro Area",310M600US28060
228,28442,15811,1386,3582,3806,914,812,503,410,261,266,534,71,1125,898,649,1390,1335,459,371,333,321,737,31,310M600US28100,"Kankakee, IL Metro Area",310M600US28100
229,585714,377905,31365,76992,79555,4716,4160,3344,2533,2254,1906,3356,480,5540,4277,3126,24314,10675,9098,4514,4325,4262,14913,2746,310M600US28140,"Kansas City, MO-KS Metro Area",310M600US28140
230,15612,9607,1120,967,1746,614,414,298,357,193,391,741,187,841,625,535,691,29,508,0,56,107,273,56,310M600US28180,"Kapaa, HI Micro Area",310M600US28180
231,22982,14181,547,2363,3262,932,587,775,538,268,580,332,106,969,569,410,1599,1272,663,411,574,334,456,0,310M600US28300,"Keene, NH Micro Area",310M600US28300
232,76245,47890,4134,8308,10650,1781,1361,1350,1186,1240,675,1040,195,2690,2303,1174,1903,1655,330,649,860,563,1344,293,310M600US28420,"Kennewick-Richland, WA Metro Area",310M600US28420
233,21799,9685,533,792,1349,545,410,681,557,282,440,771,105,1394,963,793,1431,750,343,152,682,167,1047,134,310M600US28580,"Key West, FL Micro Area",310M600US28580
234,101059,60889,5636,9645,13403,1922,1592,1523,848,870,807,1504,456,3090,2263,1522,4249,3563,2001,859,791,654,2014,455,310M600US28660,"Killeen-Temple, TX Metro Area",310M600US28660
235,99491,47835,5050,11779,9129,1491,1042,1255,819,672,820,1203,214,2777,2025,1346,5908,3524,2113,1732,623,1208,2092,839,310M600US28700,"Kingsport-Bristol, TN-VA Metro Area",310M600US28700
236,50850,30126,3010,3819,6882,1448,887,689,970,575,889,1123,217,2015,983,1014,2391,2498,723,665,289,821,2131,511,310M600US28740,"Kingston, NY Metro Area",310M600US28740
237,20558,11933,1586,1376,2297,729,797,432,550,376,513,576,108,1282,918,587,1110,243,479,340,65,187,556,535,310M600US28900,"Klamath Falls, OR Micro Area",310M600US28900
238,258876,145973,17099,32627,28218,2628,2530,2086,1529,1549,1382,1909,450,4848,3894,1865,9579,5780,4665,2409,1602,2014,4553,1720,310M600US28940,"Knoxville, TN Metro Area",310M600US28940
239,26564,16279,1353,4098,3323,887,932,624,531,414,377,583,98,1243,1073,637,914,490,403,0,317,0,664,38,310M600US29020,"Kokomo, IN Metro Area",310M600US29020
240,37896,22126,1443,4780,5019,956,687,996,613,462,371,414,49,1415,1099,751,1806,1028,582,248,241,258,649,95,310M600US29100,"La Crosse-Onalaska, WI-MN Metro Area",310M600US29100
241,130437,64508,7068,12246,14020,2049,1926,1401,989,862,1044,1728,333,3688,2709,1778,6800,3375,2624,1643,940,1504,4374,2059,310M600US29180,"Lafayette, LA Metro Area",310M600US29180
242,53999,33060,3307,9126,7974,1413,791,915,718,474,409,704,28,1735,1282,1002,1565,860,499,672,807,247,1176,189,310M600US29200,"Lafayette-West Lafayette, IN Metro Area",310M600US29200
243,27169,15213,2347,3686,2320,807,838,540,365,392,643,473,107,1496,955,723,1107,1353,676,182,130,560,900,320,310M600US29300,"LaGrange, GA-AL Micro Area",310M600US29300
244,55945,27374,3568,5495,5023,1330,1638,834,1025,334,683,967,220,2388,1807,1558,2475,1384,649,284,617,669,1750,375,310M600US29340,"Lake Charles, LA Metro Area",310M600US29340
245,19569,9594,1120,2349,1501,696,659,493,354,131,158,501,230,1407,1122,623,1034,632,353,0,11,269,408,203,310M600US29380,"Lake City, FL Micro Area",310M600US29380
246,75416,38814,3186,6311,7722,1735,994,1088,694,583,616,1426,159,2632,2179,1611,2257,2687,1287,588,307,849,1935,1656,310M600US29420,"Lake Havasu City-Kingman, AZ Metro Area",310M600US29420
247,206975,117541,8460,18578,19429,2498,2951,1954,2317,1808,1394,2564,935,4663,3066,2368,8522,6675,3203,2238,1475,1467,6594,1583,310M600US29460,"Lakeland-Winter Haven, FL Metro Area",310M600US29460
248,147859,90638,9894,19691,19733,1847,1648,1379,1063,946,986,1334,555,2937,2479,1560,6687,3505,2160,1419,1497,1009,3588,390,310M600US29540,"Lancaster, PA Metro Area",310M600US29540
249,154110,94727,8130,20569,21186,2192,1599,1367,998,1116,772,1418,223,2662,1766,1571,6916,4170,2269,1603,1225,1170,3706,761,310M600US29620,"Lansing-East Lansing, MI Metro Area",310M600US29620
250,52527,26441,1650,5079,4051,1244,1667,790,1003,513,862,1303,237,2234,1754,1364,2292,1528,1953,641,1337,1399,2279,258,310M600US29700,"Laredo, TX Metro Area",310M600US29700
251,57007,30614,3109,5470,5556,1472,1358,898,858,814,1007,1046,243,1822,1602,1069,2374,1051,846,685,438,361,1465,430,310M600US29740,"Las Cruces, NM Metro Area",310M600US29740
252,495742,343526,29743,52858,63921,4568,4139,3449,2576,2428,2430,3193,1016,5952,4126,2396,14522,6375,4833,3034,1878,2358,10380,3857,310M600US29820,"Las Vegas-Henderson-Paradise, NV Metro Area",310M600US29820
253,24296,9944,1769,1829,2259,835,642,506,284,190,174,454,217,1539,1325,855,1636,658,999,554,80,300,977,253,310M600US29860,"Laurel, MS Micro Area",310M600US29860
254,26281,16921,1537,2146,4051,955,1093,733,597,520,447,493,185,1385,1019,445,1652,1606,245,144,312,62,564,46,310M600US29940,"Lawrence, KS Metro Area",310M600US29940
255,27330,16491,1561,3618,3519,671,559,424,348,338,317,638,133,988,690,523,779,548,292,122,243,165,876,429,310M600US30020,"Lawton, OK Metro Area",310M600US30020
256,68522,37260,2780,5326,7759,1377,1007,885,658,568,703,800,215,1947,1355,1122,3724,3072,1453,2022,583,869,2500,421,310M600US30100,"Lebanon, NH-VT Micro Area",310M600US30100
257,40098,24664,2846,4716,5285,1185,900,980,374,627,591,931,338,1406,1073,942,1837,976,798,539,333,245,947,147,310M600US30140,"Lebanon, PA Metro Area",310M600US30140
258,19468,10922,848,1805,2477,864,581,499,619,245,288,657,210,1117,802,553,1104,429,354,329,61,155,728,142,310M600US30300,"Lewiston, ID-WA Metro Area",310M600US30300
259,31805,20655,1072,4447,3982,927,1002,981,539,231,509,916,179,1280,811,869,1269,613,565,219,250,289,334,79,310M600US30340,"Lewiston-Auburn, ME Metro Area",310M600US30340
260,129400,85585,9123,18812,18684,2182,1665,1321,1048,647,1061,1082,212,2182,1881,1480,4129,1932,1648,940,505,1097,2544,579,310M600US30460,"Lexington-Fayette, KY Metro Area",310M600US30460
261,28010,15481,1805,4625,3379,862,599,579,285,205,411,393,91,1365,981,705,1264,1143,517,282,99,384,1182,111,310M600US30620,"Lima, OH Metro Area",310M600US30620
262,82659,53313,5201,9427,12669,1934,1239,1237,985,1164,650,1365,233,2015,1336,1073,4285,1705,1437,629,786,568,1288,190,310M600US30700,"Lincoln, NE Metro Area",310M600US30700
263,197173,117760,14264,27717,23370,2443,2343,1737,1518,1038,1336,1482,444,3408,3056,1729,6733,4442,3056,738,1525,1386,4539,1168,310M600US30780,"Little Rock-North Little Rock-Conway, AR Metro Area",310M600US30780
264,33102,21194,1962,3582,4674,956,899,697,543,490,789,599,210,1244,1110,466,1233,265,53,450,53,109,212,84,310M600US30860,"Logan, UT-ID Metro Area",310M600US30860
265,40243,17033,1345,2795,3986,1110,821,681,813,312,647,880,204,1838,1652,969,2005,1021,747,675,161,654,1974,876,310M600US30940,"London, KY Micro Area",310M600US30940
266,76119,32599,4071,6974,6870,1464,1018,839,945,649,365,885,167,2854,2068,1543,4194,2820,1802,1805,552,1093,2123,899,310M600US30980,"Longview, TX Metro Area",310M600US30980
267,31407,20461,1229,3395,3315,878,898,872,758,367,741,758,161,1408,1258,666,1075,735,711,281,56,487,411,136,310M600US31020,"Longview, WA Metro Area",310M600US31020
268,2157599,1453209,90237,171353,223942,7065,6246,6879,5573,4986,5805,10064,1943,11564,7584,5152,69444,43675,27461,21026,14397,20135,66969,11895,310M600US31080,"Los Angeles-Long Beach-Anaheim, CA Metro Area",310M600US31080
269,370725,239662,26444,49463,53573,3452,3399,1949,1847,1667,1576,2390,577,5188,3900,2490,13735,8175,5806,3838,2242,2774,7264,1601,310M600US31140,"Louisville/Jefferson County, KY-IN Metro Area",310M600US31140
270,71802,41139,4177,6338,7907,1318,1097,1156,1068,1113,695,1173,485,2279,1476,1419,2916,2092,1808,917,476,959,2950,530,310M600US31180,"Lubbock, TX Metro Area",310M600US31180
271,21702,9686,371,1713,2105,821,1121,330,282,413,356,644,237,1365,1127,1036,939,697,326,182,256,595,739,0,310M600US31260,"Lufkin, TX Micro Area",310M600US31260
272,28807,10390,975,1686,1847,611,461,367,410,283,266,443,169,1378,1026,659,2323,1128,917,763,489,651,1163,797,310M600US31300,"Lumberton, NC Micro Area",310M600US31300
273,72642,42967,5472,9355,9895,1521,1431,673,720,483,839,1171,122,2195,1766,1156,2542,1096,928,1250,644,473,1239,227,310M600US31340,"Lynchburg, VA Metro Area",310M600US31340
274,57176,31161,4351,6890,5972,1365,911,1018,985,568,806,907,266,2505,1832,1388,1499,1719,895,587,397,774,1664,1531,310M600US31420,"Macon-Bibb County, GA Metro Area",310M600US31420
275,31400,20862,1858,4125,3533,1126,798,881,565,585,584,1045,357,1508,944,923,656,508,289,184,282,285,961,247,310M600US31460,"Madera, CA Metro Area",310M600US31460
276,184882,122242,10953,20997,27494,1942,2014,1479,1663,1207,1035,1535,273,2690,2065,1394,7826,4174,3375,1713,895,1398,3417,531,310M600US31540,"Madison, WI Metro Area",310M600US31540
277,114760,75871,5414,11864,15827,1961,1840,1368,1466,1114,1210,1401,49,2713,1888,1607,4819,2375,2310,1154,1520,1779,3311,241,310M600US31700,"Manchester-Nashua, NH Metro Area",310M600US31700
278,25883,15556,946,3560,3760,819,609,530,662,289,416,412,198,1279,729,728,1190,1049,621,202,144,388,581,0,310M600US31740,"Manhattan, KS Metro Area",310M600US31740
279,26598,15312,1688,3109,3926,886,573,426,346,361,219,543,81,1198,726,508,1331,687,494,193,220,470,622,93,310M600US31820,"Manitowoc, WI Micro Area",310M600US31820
280,25984,15982,1431,2810,3039,643,782,404,367,339,317,384,118,1082,797,635,710,292,382,700,109,304,520,101,310M600US31860,"Mankato, MN Metro Area",310M600US31860
281,34800,18111,1835,3745,4517,1234,901,411,709,665,475,523,476,2080,1483,906,2167,727,1306,106,297,746,1050,69,310M600US31900,"Mansfield, OH Metro Area",310M600US31900
282,25184,12536,1656,2041,2599,560,490,418,413,227,307,414,93,983,711,499,1516,875,545,312,331,445,581,221,310M600US31940,"Marinette, WI-MI Micro Area",310M600US31940
283,20511,12368,1452,2130,2803,860,968,407,370,378,380,556,17,1086,723,681,1496,688,220,28,0,433,447,0,310M600US31980,"Marion, IN Micro Area",310M600US31980
284,16615,10336,546,2341,3204,907,570,439,248,323,381,473,208,992,825,426,849,329,173,111,0,138,455,102,310M600US32020,"Marion, OH Micro Area",310M600US32020
285,19538,10394,1011,2938,1999,537,458,463,294,69,162,500,70,814,729,598,877,614,143,212,133,337,77,68,310M600US32100,"Marquette, MI Micro Area",310M600US32100
286,21315,5828,226,792,1013,544,432,482,421,263,90,431,128,1256,1211,851,1131,471,487,507,101,284,465,891,310M600US32420,"Mayagez, PR Metro Area",310M600US32420
287,182238,72536,5954,12843,13559,2169,1652,1418,1424,1270,1064,2107,348,4763,2981,2399,12613,8407,4891,4696,3054,2822,6785,1313,310M600US32580,"McAllen-Edinburg-Mission, TX Metro Area",310M600US32580
288,25488,12513,1270,2788,2504,657,511,308,234,385,267,436,42,796,718,620,1118,894,354,115,178,383,610,90,310M600US32740,"Meadville, PA Micro Area",310M600US32740
289,59540,39095,2216,6205,7558,1611,1504,828,1096,775,944,1439,165,1827,1496,902,2614,1775,419,856,503,268,1067,92,310M600US32780,"Medford, OR Metro Area",310M600US32780
290,315582,198218,19078,40452,43527,3525,3031,2301,1875,1907,1762,2809,685,4261,3356,2377,10455,7374,4107,3186,2456,3360,6697,1886,310M600US32820,"Memphis, TN-MS-AR Metro Area",310M600US32820
291,51369,36892,2977,5107,5183,1213,975,1324,1334,867,835,1277,352,1858,1459,791,1719,954,505,401,115,241,1396,617,310M600US32900,"Merced, CA Metro Area",310M600US32900
292,27678,12205,1574,1833,2688,1000,946,437,413,262,489,637,217,1952,1204,835,1467,963,542,603,313,480,1359,585,310M600US32940,"Meridian, MS Micro Area",310M600US32940
293,1403354,791221,52716,91056,124173,6418,6140,5083,4632,4074,5303,6930,1812,11986,6553,5445,64763,49499,33119,21548,15381,28031,74982,13969,310M600US33100,"Miami-Fort Lauderdale-Pompano Beach, FL Metro Area",310M600US33100
294,31219,18543,3115,3433,3866,932,939,666,667,199,398,747,112,1347,1063,722,1334,601,484,263,428,146,620,8,310M600US33140,"Michigan City-La Porte, IN Metro Area",310M600US33140
295,28068,16186,2367,4181,3647,824,544,580,296,262,398,419,121,1224,981,572,1352,495,598,217,107,399,858,94,310M600US33220,"Midland, MI Metro Area",310M600US33220
296,44994,25314,1950,4291,4695,1559,1127,1549,883,656,1038,1094,116,2390,2034,907,1960,902,879,345,245,321,1185,369,310M600US33260,"Midland, TX Metro Area",310M600US33260
297,393128,252391,22021,47410,57674,3574,3165,2594,1763,1498,1473,2160,583,4813,3493,2562,15644,10051,6505,3616,3893,3884,10492,2422,310M600US33340,"Milwaukee-Waukesha, WI Metro Area",310M600US33340
298,1046473,723347,59790,142860,160498,5017,4471,4271,3192,2943,2620,3896,1088,6602,5057,3548,36129,23431,11675,9055,5654,7466,20496,3566,310M600US33460,"Minneapolis-St. Paul-Bloomington, MN-WI Metro Area",310M600US33460
299,22092,12458,1297,1861,1965,766,1113,451,410,560,257,503,89,1168,888,596,915,745,245,50,87,276,461,12,310M600US33500,"Minot, ND Micro Area",310M600US33500
300,31801,19982,1638,3557,4169,800,959,702,547,480,537,596,182,1372,918,851,1351,903,432,352,252,402,1387,297,310M600US33540,"Missoula, MT Metro Area",310M600US33540
301,112079,65865,8916,16149,10958,1496,1250,1278,1345,790,794,1465,371,2544,1895,1468,3836,2030,2017,876,956,885,2997,870,310M600US33660,"Mobile, AL Metro Area",310M600US33660
302,109921,72664,5015,13152,11275,1559,1584,1602,1391,1201,1126,1946,339,2642,1918,1453,3218,2242,1727,1042,1221,1238,1954,912,310M600US33700,"Modesto, CA Metro Area",310M600US33700
303,49052,22610,2232,5911,3408,1108,1164,884,384,585,718,1064,220,2446,1527,883,2834,1075,886,1051,1031,565,4291,568,310M600US33740,"Monroe, LA Metro Area",310M600US33740
304,49904,29689,2656,7533,6316,1104,951,946,605,376,664,750,78,1616,1120,959,2283,1409,1074,574,232,545,1231,140,310M600US33780,"Monroe, MI Metro Area",310M600US33780
305,103775,62549,6934,14597,13218,1778,1865,1232,1093,776,905,1458,224,2952,2270,1325,3514,1407,1016,588,875,890,2968,632,310M600US33860,"Montgomery, AL Metro Area",310M600US33860
306,22627,11950,1110,1840,2925,794,467,642,337,305,410,479,48,1216,845,477,1238,580,255,49,165,145,708,414,310M600US33980,"Morehead City, NC Micro Area",310M600US33980
307,36174,20475,2512,6695,3428,747,884,575,561,322,402,811,477,1333,1411,759,1457,476,250,31,317,358,750,78,310M600US34060,"Morgantown, WV Metro Area",310M600US34060
308,44848,21732,2247,5648,4962,1376,743,883,845,374,610,663,75,2369,1995,1003,2756,1357,661,431,0,424,754,459,310M600US34100,"Morristown, TN Metro Area",310M600US34100
309,24807,12827,1311,2366,2327,765,936,659,686,570,315,888,214,1724,1314,693,811,931,95,274,162,216,714,94,310M600US34180,"Moses Lake, WA Micro Area",310M600US34180
310,22616,10871,1205,2910,2112,671,528,311,308,270,360,475,309,1314,1188,681,847,621,433,398,395,326,1043,128,310M600US34340,"Mount Airy, NC Micro Area",310M600US34340
311,36894,22430,991,4014,3944,848,873,663,647,454,468,717,31,1327,1067,596,1324,827,415,587,171,333,1102,493,310M600US34580,"Mount Vernon-Anacortes, WA Metro Area",310M600US34580
312,31433,17698,2459,5062,3812,781,578,686,601,340,443,581,247,1722,1459,663,1468,986,648,287,369,276,172,403,310M600US34620,"Muncie, IN Metro Area",310M600US34620
313,52818,29356,1942,6294,6698,895,834,657,682,542,665,859,194,1659,1345,1070,2170,2410,834,992,652,521,1526,247,310M600US34740,"Muskegon, MI Metro Area",310M600US34740
314,15880,8017,633,1981,2071,586,433,232,130,127,240,398,32,959,724,357,1043,460,259,400,152,220,345,277,310M600US34780,"Muskogee, OK Micro Area",310M600US34780
315,181860,105256,10892,20670,16533,1921,1630,2088,1366,1356,1535,1957,371,4234,2651,2104,6801,4883,1763,1495,1039,1943,4739,1486,310M600US34820,"Myrtle Beach-Conway-North Myrtle Beach, SC-NC Metro Area",310M600US34820
316,31585,20096,1407,1902,2716,745,722,708,699,643,538,856,214,1140,771,861,1667,494,196,442,614,224,1072,86,310M600US34900,"Napa, CA Metro Area",310M600US34900
317,125968,60383,4514,7544,10743,1747,1702,1326,1159,842,975,2114,208,3514,2679,1839,7192,4145,2620,1852,1395,2987,6852,1497,310M600US34940,"Naples-Marco Island, FL Metro Area",310M600US34940
318,540220,358508,31197,66585,71854,5012,4488,3710,2958,2796,2429,3292,786,6606,5109,3093,16890,9386,5005,3222,2718,2609,10059,2875,310M600US34980,"Nashville-Davidson--Murfreesboro--Franklin, TN Metro Area",310M600US34980
319,38704,22805,3127,4582,4227,1182,722,805,463,681,498,736,140,1583,1310,767,1328,542,564,454,276,755,1545,131,310M600US35100,"New Bern, NC Metro Area",310M600US35100
320,26605,13286,943,3342,3716,894,436,372,492,222,241,557,190,1271,853,716,2161,684,845,227,593,231,902,241,310M600US35260,"New Castle, PA Micro Area",310M600US35260
321,212106,136895,9701,20869,25585,2995,2284,2313,2085,1377,1616,2308,420,3141,2748,2060,9046,6796,4155,2129,2047,3401,6779,1142,310M600US35300,"New Haven-Milford, CT Metro Area",310M600US35300
322,329396,185968,17256,32585,32662,3454,3198,2412,2111,1561,1970,2940,572,5423,3467,2391,15600,9982,6018,4295,2924,5108,8661,2843,310M600US35380,"New Orleans-Metairie, LA Metro Area",310M600US35380
323,27218,15303,2038,3566,3494,823,841,514,557,192,292,372,29,1105,814,805,1955,654,451,338,348,200,565,21,310M600US35420,"New Philadelphia-Dover, OH Micro Area",310M600US35420
324,3867921,2364509,177922,316934,392477,10024,10449,8987,7722,6307,8421,11199,1795,18239,11146,8045,176733,124664,82814,61166,49205,67819,179586,22919,310M600US35620,"New York-Newark-Jersey City, NY-NJ-PA Metro Area",310M600US35620
325,47928,27296,2560,5505,5547,1030,846,719,871,316,508,827,235,1502,1139,827,3046,1154,1048,534,358,319,1861,360,310M600US35660,"Niles, MI Metro Area",310M600US35660
326,294279,143190,13063,21129,23219,2244,2235,2354,1909,1573,2108,2525,574,5505,4140,3053,14312,10962,6248,3874,3156,4933,13088,1983,310M600US35840,"North Port-Sarasota-Bradenton, FL Metro Area",310M600US35840
327,19719,8670,518,2377,1235,549,616,498,426,274,323,610,70,983,1164,901,1077,694,150,404,123,0,335,0,310M600US35900,"North Wilkesboro, NC Micro Area",310M600US35900
328,76878,45746,2717,8406,9736,1435,1583,1041,848,814,650,1027,197,2250,1685,857,4319,2136,1133,1516,1481,809,3115,113,310M600US35980,"Norwich-New London, CT Metro Area",310M600US35980
329,27444,17937,976,1402,3537,1004,841,700,549,228,851,1049,162,1187,904,628,839,484,446,287,351,163,555,0,310M600US36020,"Oak Harbor, WA Micro Area",310M600US36020
330,128360,61750,4466,9912,11767,2217,1662,1563,1029,909,1887,2016,537,3940,2485,1751,7474,4024,3111,1875,1599,2239,4659,1070,310M600US36100,"Ocala, FL Metro Area",310M600US36100
331,37046,20314,1473,3780,2866,823,610,1148,463,651,382,939,458,1616,906,753,2551,1217,847,553,437,345,1581,185,310M600US36140,"Ocean City, NJ Metro Area",310M600US36140
332,40967,21663,1533,3879,3067,1038,1523,860,1200,879,1170,1332,87,2240,2036,1443,1322,662,536,278,235,1104,1039,286,310M600US36220,"Odessa, TX Metro Area",310M600US36220
333,179175,126732,10423,24291,28099,2773,2218,1590,1525,1086,1222,1832,207,3411,2662,1289,4464,2625,1185,896,921,301,2370,361,310M600US36260,"Ogden-Clearfield, UT Metro Area",310M600US36260
334,31472,15019,1586,3166,3860,979,708,418,282,360,378,545,55,1486,890,926,2177,601,411,450,728,528,973,137,310M600US36300,"Ogdensburg-Massena, NY Micro Area",310M600US36300
335,360388,215622,20388,42074,47371,3348,3207,2533,1823,1223,2026,1961,648,4845,4077,2311,14967,7618,5896,3919,1954,3939,9244,1867,310M600US36420,"Oklahoma City, OK Metro Area",310M600US36420
336,23875,10600,1080,2383,1676,394,381,631,288,257,451,348,222,1153,892,578,1657,910,640,311,403,421,1219,217,310M600US36460,"Olean, NY Micro Area",310M600US36460
337,79008,52648,2952,7582,10234,1745,1589,1177,998,691,1226,1419,149,2233,1682,1002,2200,1625,1086,720,361,686,1409,649,310M600US36500,"Olympia-Lacey-Tumwater, WA Metro Area",310M600US36500
338,257104,171146,15171,36338,42476,3253,2430,2014,1451,1438,1250,1862,379,3613,2917,1667,10129,5217,4123,1872,1199,2793,5076,596,310M600US36540,"Omaha-Council Bluffs, NE-IA Metro Area",310M600US36540
339,23228,8573,1287,1654,1536,962,679,315,387,494,524,479,331,1539,1298,921,1573,1078,146,171,205,160,924,340,310M600US36660,"Opelousas, LA Micro Area",310M600US36660
340,22267,8177,1120,1552,1396,597,425,356,182,382,305,518,83,1467,1063,672,1178,986,849,417,236,142,961,270,310M600US36700,"Orangeburg, SC Micro Area",310M600US36700
341,652919,422409,34488,66159,76822,6057,4897,3717,3974,2959,3772,5142,1514,8974,4634,4510,22106,14237,9025,6790,4349,6918,17818,3923,310M600US36740,"Orlando-Kissimmee-Sanford, FL Metro Area",310M600US36740
342,46609,27685,2589,6771,5964,909,1104,771,603,427,458,521,69,1530,1114,709,2867,1118,541,409,178,485,1586,140,310M600US36780,"Oshkosh-Neenah, WI Metro Area",310M600US36780
343,47182,26214,2984,5572,6505,1209,732,588,480,113,628,741,111,1526,811,648,2942,2392,1016,635,470,504,1946,119,310M600US36837,"Ottawa, IL Micro Area",310M600US36837
344,34333,18885,2127,4302,3487,948,1072,519,518,640,151,730,204,1358,1223,701,1264,1281,549,317,189,232,750,439,310M600US36980,"Owensboro, KY Metro Area",310M600US36980
345,182466,127729,8566,14255,19531,2384,1828,1767,1938,1337,1418,2700,951,3141,2252,1240,5038,2362,2110,1541,1049,1458,4661,1095,310M600US37100,"Oxnard-Thousand Oaks-Ventura, CA Metro Area",310M600US37100
346,29026,16164,2316,4059,3641,1069,743,551,294,525,460,322,231,1331,1002,761,1557,1115,373,72,108,336,637,84,310M600US37140,"Paducah, KY-IL Micro Area",310M600US37140
347,24749,9015,1252,1437,917,445,660,432,765,348,270,651,239,1653,1417,948,1461,552,739,431,963,196,935,799,310M600US37260,"Palatka, FL Micro Area",310M600US37260
348,194909,113760,9453,20423,23168,2825,2434,1775,1438,1184,1681,2431,213,4147,3284,2153,7659,3319,3410,2025,2638,2336,5212,1148,310M600US37340,"Palm Bay-Melbourne-Titusville, FL Metro Area",310M600US37340
349,52343,30086,2662,5002,4789,1187,1213,1286,1009,701,791,754,239,1856,1521,984,1743,1152,1164,497,524,640,896,98,310M600US37460,"Panama City, FL Metro Area",310M600US37460
350,29998,14475,2933,3671,2934,781,749,433,246,465,293,351,141,1653,1303,576,1798,956,279,65,533,353,679,71,310M600US37620,"Parkersburg-Vienna, WV Metro Area",310M600US37620
351,142614,83904,7084,15487,16113,2428,2162,2046,1416,1068,1001,1671,447,3261,2474,1772,5871,2277,1343,2380,1161,1962,3753,849,310M600US37860,"Pensacola-Ferry Pass-Brent, FL Metro Area",310M600US37860
352,125735,73357,7200,15695,18709,2227,1397,900,1092,914,641,1366,429,2568,2008,1604,5542,3638,2830,1088,486,901,2959,790,310M600US37900,"Peoria, IL Metro Area",310M600US37900
353,1661934,1064926,103268,200057,216940,6791,5853,6613,4201,3461,4258,6440,2154,11389,8181,4891,68770,42033,29426,18328,14495,16755,49623,7653,310M600US37980,"Philadelphia-Camden-Wilmington, PA-NJ-DE-MD Metro Area",310M600US37980
354,1261666,835750,92125,163963,166661,7751,5823,5125,4761,3400,3647,5175,1696,9506,7419,3879,32941,19383,13632,9156,6698,7326,25074,9228,310M600US38060,"Phoenix-Mesa-Chandler, AZ Metro Area",310M600US38060
355,20516,9190,1407,1659,1316,609,797,461,398,177,383,388,49,1291,961,835,1092,672,220,370,143,102,801,257,310M600US38220,"Pine Bluff, AR Metro Area",310M600US38220
356,34510,20251,2824,4105,3834,1173,934,568,523,762,267,592,100,1542,1405,641,1365,366,436,161,34,347,561,304,310M600US38240,"Pinehurst-Southern Pines, NC Micro Area",310M600US38240
357,719540,399507,49203,92182,87101,4468,3891,2591,2395,1843,2137,2978,454,6335,5159,3673,33136,20167,14543,7834,5830,6862,18524,4831,310M600US38300,"Pittsburgh, PA Metro Area",310M600US38300
358,40855,24695,1906,4064,4883,1013,1021,887,579,443,413,987,80,1671,1086,868,1186,1515,789,534,299,371,1275,139,310M600US38340,"Pittsfield, MA Metro Area",310M600US38340
359,22555,11744,929,3130,3169,730,513,386,423,253,283,377,305,1291,808,779,1507,789,252,156,331,296,862,75,310M600US38460,"Plattsburgh, NY Micro Area",310M600US38460
360,25889,15981,1798,3214,3491,1009,650,419,421,268,348,697,107,1125,761,679,1131,392,324,401,123,110,408,104,310M600US38540,"Pocatello, ID Metro Area",310M600US38540
361,58945,15777,663,3142,2462,891,741,747,775,431,554,860,131,2703,1747,1271,3534,2708,2152,881,743,1091,2768,1780,310M600US38660,"Ponce, PR Metro Area",310M600US38660
362,26860,13187,436,1439,2396,823,703,557,290,453,457,841,336,1085,946,878,1405,874,590,286,0,470,1075,173,310M600US38820,"Port Angeles, WA Micro Area",310M600US38820
363,176600,114974,9268,18390,22608,2327,2083,2201,1675,1233,1283,1964,207,2939,2417,1289,7715,5465,3797,1240,1673,1382,3384,601,310M600US38860,"Portland-South Portland, ME Metro Area",310M600US38860
364,623631,436370,33469,70898,84549,4966,4518,3844,3133,2282,2601,3774,507,6103,4053,2522,18834,12764,7864,5122,4563,4724,11762,2597,310M600US38900,"Portland-Vancouver-Hillsboro, OR-WA Metro Area",310M600US38900
365,161432,86707,5745,10034,15111,2185,2139,2154,1765,1594,1379,2671,316,4452,2717,2455,9537,4614,3760,3416,2034,1846,7299,1653,310M600US38940,"Port St. Lucie, FL Metro Area",310M600US38940
366,20415,7573,785,2265,1717,656,591,180,257,160,390,580,208,1257,912,828,1254,1209,1082,266,51,104,766,211,310M600US39020,"Portsmouth, OH Micro Area",310M600US39020
367,44993,21500,3210,4821,4483,861,581,479,791,429,703,502,80,1760,1301,791,2697,1755,1007,528,396,526,1808,147,310M600US39060,"Pottsville, PA Micro Area",310M600US39060
368,175518,113735,6097,13659,19159,2386,2326,2053,1634,1247,1456,2146,269,3163,2095,1731,6729,5895,4420,2080,936,1832,6736,757,310M600US39100,"Poughkeepsie-Newburgh-Middletown, NY Metro Area",310M600US39100
369,83735,45042,3232,5303,7548,1427,1769,1603,909,1022,824,1368,228,2710,1875,1159,4566,1785,1306,954,573,221,2810,546,310M600US39150,"Prescott Valley-Prescott, AZ Metro Area",310M600US39150
370,426819,280299,20858,47183,56647,4580,3689,2754,2607,2230,1893,3865,364,5341,3807,2156,18988,12010,6178,4943,2321,4674,13866,1401,310M600US39300,"Providence-Warwick, RI-MA Metro Area",310M600US39300
371,143719,102912,7566,19897,23490,1901,2000,1482,1346,1064,1143,1110,244,2451,2254,1446,2319,1174,656,175,157,762,1969,148,310M600US39340,"Provo-Orem, UT Metro Area",310M600US39340
372,46844,27928,1301,3579,6434,1256,1363,948,683,558,725,935,130,1892,1468,970,1637,1334,384,651,376,530,1364,479,310M600US39380,"Pueblo, CO Metro Area",310M600US39380
373,75169,32557,2218,3794,4930,1086,1206,1311,992,737,901,1277,99,2447,2082,1342,5258,3097,2084,1110,1474,1273,3456,1397,310M600US39460,"Punta Gorda, FL Metro Area",310M600US39460
374,24680,14042,1489,3888,3425,777,621,440,188,176,762,420,25,1151,840,636,1369,636,338,326,81,188,860,557,310M600US39500,"Quincy, IL-MO Micro Area",310M600US39500
375,56627,37233,2803,6642,7690,1343,1294,840,769,734,713,1217,163,1639,1227,715,2823,1243,275,687,447,426,1968,273,310M600US39540,"Racine, WI Metro Area",310M600US39540
376,379139,272660,31425,65082,63032,3880,2991,3528,2340,1684,1575,2074,360,4792,3922,2089,8101,4747,2740,2415,968,2248,6215,1177,310M600US39580,"Raleigh-Cary, NC Metro Area",310M600US39580
377,40874,24456,1384,3548,4112,1075,1287,988,725,695,805,657,172,1760,973,803,2146,1843,622,857,126,535,933,226,310M600US39660,"Rapid City, SD Metro Area",310M600US39660
378,116859,71269,5593,14619,13685,1603,1359,1198,1050,915,1162,1719,315,2547,1776,1251,4965,3734,2317,1541,1115,1283,2360,607,310M600US39740,"Reading, PA Metro Area",310M600US39740
379,15378,9516,385,630,1837,816,419,679,456,672,532,472,80,1022,829,481,889,273,47,82,315,239,592,21,310M600US39780,"Red Bluff, CA Micro Area",310M600US39780
380,48374,29155,2027,4217,5403,1155,955,1053,952,433,767,1210,53,1657,1105,834,1844,1832,860,1248,398,917,2805,193,310M600US39820,"Redding, CA Metro Area",310M600US39820
381,121470,77056,7242,11971,13807,1683,1749,1573,1360,1078,937,1352,401,2688,2342,1107,3899,2223,1360,696,360,682,2165,509,310M600US39900,"Reno, NV Metro Area",310M600US39900
382,8797,4899,476,866,740,320,381,308,239,233,224,215,195,602,568,335,197,208,42,188,0,95,174,14,310M600US39940,"Rexburg, ID Micro Area",310M600US39940
383,19332,11807,1330,2925,2451,751,612,308,408,210,572,501,13,1130,895,444,538,588,304,212,119,8,848,76,310M600US39980,"Richmond, IN Micro Area",310M600US39980
384,364180,254979,27356,50685,54123,4405,3124,2899,2376,1741,2276,2367,664,4608,3695,1960,8657,5826,3565,3054,1226,1403,5048,1455,310M600US40060,"Richmond, VA Metro Area",310M600US40060
385,27261,16039,1818,3868,3281,803,514,481,469,420,524,641,204,1206,1101,475,943,731,425,545,326,174,428,58,310M600US40080,"Richmond-Berea, KY Micro Area",310M600US40080
386,13247,2577,275,570,309,254,263,287,239,140,653,237,237,1163,921,845,1752,880,632,239,337,393,728,25,310M600US40100,"Rio Grande City-Roma, TX Micro Area",310M600US40100
387,949588,651368,37434,79450,104936,5365,5430,4909,3725,3251,4246,5429,1172,9159,6240,4439,29742,18393,15055,9362,6328,9083,25712,5901,310M600US40140,"Riverside-San Bernardino-Ontario, CA Metro Area",310M600US40140
388,93578,53182,6397,10323,9491,1644,1507,1296,861,642,773,1332,461,2784,2054,1056,4095,2135,907,702,772,809,2241,345,310M600US40220,"Roanoke, VA Metro Area",310M600US40220
389,19139,10099,864,2424,1175,411,747,440,310,203,458,555,295,1044,723,634,830,668,600,179,315,254,608,73,310M600US40260,"Roanoke Rapids, NC Micro Area",310M600US40260
390,70379,42131,4847,9023,9334,1282,1073,847,717,581,485,682,90,1852,1401,1029,4065,1593,800,492,316,897,1371,234,310M600US40340,"Rochester, MN Metro Area",310M600US40340
391,309888,186448,19577,37309,38411,3594,2345,1968,2219,1557,1682,2398,283,4702,3398,2217,14770,9965,6276,2849,2102,3258,8617,1369,310M600US40380,"Rochester, NY Metro Area",310M600US40380
392,92670,57739,4861,14116,13131,1654,1388,1068,974,566,944,1434,147,2475,1486,1324,4962,2865,2128,563,382,693,2534,314,310M600US40420,"Rockford, IL Metro Area",310M600US40420
393,35683,19475,2285,4188,4318,1074,755,731,645,490,552,496,100,1776,1148,933,2259,1160,949,189,268,264,1233,36,310M600US40580,"Rocky Mount, NC Metro Area",310M600US40580
394,24786,14844,1661,3915,2662,1085,611,520,427,609,545,593,160,1251,846,476,1707,658,1144,180,83,187,953,186,310M600US40660,"Rome, GA Metro Area",310M600US40660
395,33931,17304,1599,3047,2790,880,815,689,434,458,505,937,208,1509,1253,801,2129,1038,184,354,169,486,1688,606,310M600US40700,"Roseburg, OR Micro Area",310M600US40700
396,23025,13667,1115,4261,2287,745,822,380,393,277,514,704,208,1364,895,450,1137,1003,108,387,186,92,542,52,310M600US40780,"Russellville, AR Micro Area",310M600US40780
397,555520,380602,26237,53691,67983,4267,4486,4022,3083,2559,2659,4026,896,5639,4602,3041,15386,10022,5734,3997,3513,4842,16317,1927,310M600US40900,"Sacramento-Roseville-Folsom, CA Metro Area",310M600US40900
398,59819,31221,2858,6555,7748,1303,925,911,749,380,500,749,174,1883,1514,1067,4625,2279,1129,541,770,891,2090,551,310M600US40980,"Saginaw, MI Metro Area",310M600US40980
399,53734,32383,2496,5943,7310,1068,1301,695,684,700,461,807,104,1875,1104,808,2192,1629,668,806,289,287,1850,216,310M600US41060,"St. Cloud, MN Metro Area",310M600US41060
400,54694,32754,3052,5478,4769,1273,1091,980,896,684,534,1044,179,2065,1704,1069,2440,1193,806,253,597,272,557,217,310M600US41100,"St. George, UT Metro Area",310M600US41100
401,32433,17689,1415,5049,4424,1052,644,499,295,295,290,491,210,1322,1022,714,1497,943,480,173,206,598,614,234,310M600US41140,"St. Joseph, MO-KS Metro Area",310M600US41140
402,814163,521744,60206,116997,116076,5126,3938,3957,3242,2020,2422,3562,837,7397,4671,3956,30412,16278,9391,7613,5565,4879,18476,4314,310M600US41180,"St. Louis, MO-IL Metro Area",310M600US41180
403,27998,15482,2715,3149,3671,909,655,788,595,300,435,520,208,1318,1035,624,1739,591,798,414,273,143,1001,60,310M600US41400,"Salem, OH Micro Area",310M600US41400
404,101302,66463,4375,9555,14019,2344,1706,1463,1167,922,1175,1369,197,3176,1960,1307,3537,2397,1932,795,497,625,2842,184,310M600US41420,"Salem, OR Metro Area",310M600US41420
405,68051,41307,2629,5184,6617,1416,1065,1304,801,1088,876,1539,134,2052,1799,1200,2525,1532,1446,616,788,880,1955,410,310M600US41500,"Salinas, CA Metro Area",310M600US41500
406,138206,79233,9239,16738,14855,1879,1562,1447,762,925,1021,1259,259,3070,2252,1585,5835,2805,2101,1188,999,1151,3584,593,310M600US41540,"Salisbury, MD-DE Metro Area",310M600US41540
407,303166,214599,21704,41559,46099,3407,3445,2711,1668,1561,1572,2104,245,4066,3418,1847,7554,4105,1968,1926,1156,1595,4501,440,310M600US41620,"Salt Lake City, UT Metro Area",310M600US41620
408,31563,16827,1728,3288,2806,972,613,895,1050,418,594,704,237,1732,1331,854,1728,1501,661,299,324,92,687,0,310M600US41660,"San Angelo, TX Metro Area",310M600US41660
409,617430,365681,23400,55253,73112,6710,5150,4557,3976,2539,5073,4614,431,8578,5827,3347,25422,16037,10423,7613,4422,7106,17516,3241,310M600US41700,"San Antonio-New Braunfels, TX Metro Area",310M600US41700
410,639298,444080,25291,55657,73979,3895,4150,3412,3464,2756,3209,4597,1111,5996,4320,2400,17217,11935,8902,5596,3854,6785,18884,2721,310M600US41740,"San Diego-Chula Vista-Carlsbad, CA Metro Area",310M600US41740
411,24544,15309,2108,4071,2875,944,707,586,270,398,289,541,208,1442,979,792,1072,571,285,76,56,248,620,383,310M600US41780,"Sandusky, OH Micro Area",310M600US41780
412,15717,10393,767,2420,2392,932,558,685,271,96,486,572,129,1043,805,602,528,63,414,42,82,0,199,0,310M600US41820,"Sanford, NC Micro Area",310M600US41820
413,976543,668889,51487,93580,118666,5726,5307,3823,3638,3000,3487,4873,1048,7214,5377,3482,27634,18364,11808,6874,5988,7614,30327,4491,310M600US41860,"San Francisco-Oakland-Berkeley, CA Metro Area",310M600US41860
414,32611,9026,1088,757,2042,805,609,406,448,550,411,595,246,2071,1854,1018,2012,1123,411,332,147,46,772,994,310M600US41900,"San Germn, PR Metro Area",310M600US41900
415,371879,243992,22665,41140,41761,3240,3210,2349,2446,1806,1810,2619,525,4199,3396,2296,12329,6616,3744,2898,1427,3808,9925,1582,310M600US41940,"San Jose-Sunnyvale-Santa Clara, CA Metro Area",310M600US41940
416,561094,230674,12835,31710,37032,3528,3044,2692,2642,1851,2494,3862,1092,7701,5840,3876,31819,17824,10005,8326,5225,6943,18320,14799,310M600US41980,"San Juan-Bayamn-Caguas, PR Metro Area",310M600US41980
417,68511,43658,3049,5048,7516,1642,1500,1162,891,758,816,1594,218,2320,1859,1102,2554,1502,989,556,519,1222,2213,0,310M600US42020,"San Luis Obispo-Paso Robles, CA Metro Area",310M600US42020
418,57911,35418,2156,4799,6646,1215,1151,986,739,564,970,1155,391,1990,1469,1175,1961,1566,1014,312,485,508,2338,283,310M600US42100,"Santa Cruz-Watsonville, CA Metro Area",310M600US42100
419,50409,28017,2468,3884,6162,1336,998,801,944,421,668,1192,349,1773,1707,758,1673,1212,1233,395,243,717,1529,273,310M600US42140,"Santa Fe, NM Metro Area",310M600US42140
420,76565,47419,4008,6630,8223,1452,1151,1093,1199,686,1174,1326,96,2002,1656,983,3352,2044,884,982,681,672,2176,653,310M600US42200,"Santa Maria-Santa Barbara, CA Metro Area",310M600US42200
421,119655,75312,6183,9116,12187,1531,1672,1335,1299,1033,1311,1520,139,2887,1842,1577,4831,2029,3049,1174,1405,2309,3656,750,310M600US42220,"Santa Rosa-Petaluma, CA Metro Area",310M600US42220
422,102263,68412,6127,12161,13509,2384,1677,1455,1270,1511,1002,1606,273,2690,2359,1335,3207,2661,1298,884,321,721,1389,426,310M600US42340,"Savannah, GA Metro Area",310M600US42340
423,155074,83472,8920,18082,16307,1658,1633,1532,1207,789,1040,1339,207,3529,2503,1514,9409,5630,2590,2635,1865,1884,5800,402,310M600US42540,"Scranton--Wilkes-Barre, PA Metro Area",310M600US42540
424,20021,10606,825,1821,3380,1137,669,399,329,293,191,711,78,1429,841,969,1056,457,180,0,0,461,371,12,310M600US42620,"Searcy, AR Micro Area",310M600US42620
425,963968,676399,51644,107350,129904,5360,5384,5691,3667,3135,3510,4523,731,7569,4972,3229,31315,18775,11318,10270,4322,9023,21630,3981,310M600US42660,"Seattle-Tacoma-Bellevue, WA Metro Area",310M600US42660
426,58017,26045,2503,5005,4393,1166,1029,855,1036,539,384,1102,239,2373,2095,1078,2079,2573,1707,486,704,1487,3860,975,310M600US42680,"Sebastian-Vero Beach, FL Metro Area",310M600US42680
427,38126,14774,1701,2605,2952,763,678,585,679,104,710,953,126,1827,1448,1205,3262,2037,1228,460,275,372,1544,1198,310M600US42700,"Sebring-Avon Park, FL Metro Area",310M600US42700
428,27926,12594,1218,3377,2421,834,637,374,517,327,739,637,222,1827,1454,621,1050,808,682,449,196,670,577,486,310M600US42860,"Seneca, SC Micro Area",310M600US42860
429,29133,15947,1114,2636,3353,1333,974,553,669,333,677,865,116,1617,1097,860,1389,224,219,287,213,297,475,152,310M600US42940,"Sevierville, TN Micro Area",310M600US42940
430,18237,8350,690,1738,1740,476,349,278,189,210,270,368,9,740,653,410,684,619,451,341,94,347,575,192,310M600US43060,"Shawnee, OK Micro Area",310M600US43060
431,36214,21142,2150,4473,5152,1084,757,608,592,455,655,436,22,1403,934,610,2269,838,864,119,235,127,1105,247,310M600US43100,"Sheboygan, WI Metro Area",310M600US43100
432,27155,13543,1737,2959,2285,730,478,479,667,409,788,776,140,1485,1242,905,1424,745,750,232,141,86,985,180,310M600US43140,"Shelby, NC Micro Area",310M600US43140
433,22362,14233,1069,3029,2258,781,752,611,416,527,419,674,214,1241,912,562,1006,599,235,238,272,90,377,82,310M600US43220,"Shelton, WA Micro Area",310M600US43220
434,37404,20529,1298,3332,3997,1295,1011,952,588,772,612,982,102,1816,1434,989,2348,903,766,395,374,230,1491,207,310M600US43300,"Sherman-Denison, TX Metro Area",310M600US43300
435,29528,11161,993,2273,2668,785,509,419,380,211,367,511,458,1611,1346,891,933,1327,927,199,393,419,1227,1136,310M600US43320,"Show Low, AZ Micro Area",310M600US43320
436,96850,57351,5753,11237,11700,1713,1230,1336,1001,1279,903,1337,335,2799,2032,1519,3760,1867,1847,612,772,1096,2937,955,310M600US43340,"Shreveport-Bossier City, LA Metro Area",310M600US43340
437,35915,17147,1556,3607,3982,1119,846,596,303,259,464,457,366,1770,1399,826,1712,876,545,1090,326,432,791,488,310M600US43420,"Sierra Vista-Douglas, AZ Metro Area",310M600US43420
438,39483,23087,2464,4721,5151,1264,679,541,493,424,410,973,26,1857,1350,943,1243,1159,457,202,237,467,681,38,310M600US43580,"Sioux City, IA-NE-SD Metro Area",310M600US43580
439,80387,52336,4278,9360,10529,1633,1956,1210,923,708,1101,1175,339,1918,1535,1086,2763,1645,808,382,171,792,1365,49,310M600US43620,"Sioux Falls, SD Metro Area",310M600US43620
440,18496,9728,1199,1697,1275,448,567,535,549,238,286,502,35,1205,812,532,994,1073,484,107,0,160,566,237,310M600US43700,"Somerset, KY Micro Area",310M600US43700
441,23191,10629,1352,2337,2314,505,393,425,270,217,320,407,50,1037,620,479,2125,821,745,517,517,311,779,105,310M600US43740,"Somerset, PA Micro Area",310M600US43740
442,87720,53064,7832,12578,10754,1422,1048,808,877,459,667,842,191,2021,1470,1057,3751,1983,1518,306,253,806,2195,343,310M600US43780,"South Bend-Mishawaka, IN-MI Metro Area",310M600US43780
443,95417,55374,7297,10952,11644,2141,1385,1381,1215,863,1010,1142,139,2539,1820,1476,4584,1811,762,1015,838,451,2455,465,310M600US43900,"Spartanburg, SC Metro Area",310M600US43900
444,158232,97911,9161,15402,19099,2426,1903,1341,1459,1268,1020,1659,100,3599,2758,1730,4593,3698,1698,1532,950,1862,4411,590,310M600US44060,"Spokane-Spokane Valley, WA Metro Area",310M600US44060
445,64641,37960,3526,7664,9026,1389,1002,1109,503,461,624,1219,535,2215,1855,1110,2635,1418,779,208,401,452,1024,219,310M600US44100,"Springfield, IL Metro Area",310M600US44100
446,177463,110846,7349,14698,20965,2401,2259,1668,1617,1424,1676,1943,254,3136,2126,1750,8660,4238,3046,2588,2188,3408,5965,480,310M600US44140,"Springfield, MA Metro Area",310M600US44140
447,124951,76689,6381,16284,16152,2057,1747,1513,1307,874,773,1344,523,3274,2257,1329,6216,3488,1838,1880,990,424,1971,533,310M600US44180,"Springfield, MO Metro Area",310M600US44180
448,38091,22049,2215,5421,5019,1069,913,1120,770,372,302,557,98,1634,1020,997,2142,1349,510,428,173,204,769,164,310M600US44220,"Springfield, OH Metro Area",310M600US44220
449,36802,22679,2580,4502,5335,1163,783,530,601,659,367,633,34,1298,1040,614,1423,835,462,117,28,242,875,125,310M600US44300,"State College, PA Metro Area",310M600US44300
450,14902,8327,999,1925,1576,633,637,387,127,455,380,303,228,1035,817,550,821,176,21,208,0,120,446,0,310M600US44340,"Statesboro, GA Micro Area",310M600US44340
451,35235,22011,2134,3957,5618,1260,813,798,390,515,571,738,77,1335,1247,798,1184,593,357,229,293,328,356,194,310M600US44420,"Staunton, VA Metro Area",310M600US44420
452,20014,10874,1249,2657,2424,627,513,273,293,238,202,338,12,940,782,568,1083,628,170,156,15,163,258,56,310M600US44620,"Stevens Point, WI Micro Area",310M600US44620
453,17074,7886,514,1450,1685,559,569,399,346,127,168,467,165,1165,1056,701,693,552,260,142,231,313,568,107,310M600US44660,"Stillwater, OK Micro Area",310M600US44660
454,153146,108092,6120,15011,17127,2277,2746,2140,1410,1312,1997,2086,505,3197,1957,1262,5132,3499,1522,1692,1106,1838,3002,319,310M600US44700,"Stockton, CA Metro Area",310M600US44700
455,38109,19005,1745,4750,2862,743,862,603,628,625,538,658,353,1922,1397,735,1849,1458,1075,380,271,359,631,502,310M600US44940,"Sumter, SC Metro Area",310M600US44940
456,28618,15309,1317,3348,3935,920,689,453,321,358,443,335,121,1133,855,638,1435,915,511,341,287,350,1432,205,310M600US44980,"Sunbury, PA Micro Area",310M600US44980
457,186022,110998,11927,24141,24102,1981,1822,1458,997,1146,866,1301,557,2939,2113,1496,9206,5353,3517,1649,2042,1895,4977,1216,310M600US45060,"Syracuse, NY Metro Area",310M600US45060
458,23005,11116,2112,2331,1556,844,598,631,616,148,251,597,32,1585,1401,619,1069,819,534,246,112,53,904,209,310M600US45180,"Talladega-Sylacauga, AL Micro Area",310M600US45180
459,90396,52773,5508,9691,10372,1708,1213,1372,1190,1175,966,1247,492,2198,2148,1380,2508,2550,1510,348,276,266,3340,574,310M600US45220,"Tallahassee, FL Metro Area",310M600US45220
460,890523,522897,43876,87954,96060,4920,5128,4155,3489,3005,3182,4920,1272,8290,6320,3697,41834,25807,16194,11761,7056,12149,30138,9050,310M600US45300,"Tampa-St. Petersburg-Clearwater, FL Metro Area",310M600US45300
461,50448,29605,4129,7173,7235,1291,878,596,559,517,685,639,207,1887,1186,1020,2143,1023,1397,458,75,641,1934,168,310M600US45460,"Terre Haute, IN Metro Area",310M600US45460
462,36572,16452,1674,2580,2600,898,581,713,590,450,632,827,204,1717,1422,877,1921,2189,401,276,177,302,1416,415,310M600US45500,"Texarkana, TX-AR Metro Area",310M600US45500
463,63509,27739,2249,3479,4663,1522,1388,884,875,1081,778,1357,348,2782,2610,1138,3778,2328,910,895,166,492,1891,513,310M600US45540,"The Villages, FL Metro Area",310M600US45540
464,183912,108186,12355,25348,23457,2147,1899,1450,995,1062,962,1260,223,3659,2538,1638,7766,5285,2846,1864,1491,1449,5950,1663,310M600US45780,"Toledo, OH Metro Area",310M600US45780
465,68497,37893,3427,6517,9272,1474,1232,781,1068,359,552,884,277,1835,1517,1026,4433,2057,1490,917,815,684,2056,373,310M600US45820,"Topeka, KS Metro Area",310M600US45820
466,60565,38644,2123,6469,5948,1401,1269,1298,1026,1153,995,1257,170,2146,1249,1370,2957,1150,1528,655,745,602,1286,171,310M600US45860,"Torrington, CT Micro Area",310M600US45860
467,54585,32772,3585,6784,6159,1036,991,613,608,447,406,646,589,1598,1208,756,1683,1123,795,718,607,207,1251,314,310M600US45900,"Traverse City, MI Micro Area",310M600US45900
468,92391,60403,5643,9381,11660,1974,1478,1653,1259,1027,1411,1671,220,2682,1725,1491,3766,1531,1084,1521,1341,828,3195,494,310M600US45940,"Trenton-Princeton, NJ Metro Area",310M600US45940
469,33520,19494,992,1479,3014,866,975,590,959,598,956,1361,236,1478,854,636,2103,976,554,1112,176,302,1878,735,310M600US46020,"Truckee-Grass Valley, CA Micro Area",310M600US46020
470,285101,169093,16496,32800,30296,3220,2664,2821,1997,1725,1590,2448,718,4593,4208,2248,10286,6247,4900,2349,1960,2379,7309,1541,310M600US46060,"Tucson, AZ Metro Area",310M600US46060
471,34093,17962,1492,3759,3019,911,666,634,457,516,773,866,23,1553,1438,905,1711,883,506,286,555,151,857,410,310M600US46100,"Tullahoma-Manchester, TN Micro Area",310M600US46100
472,268326,156102,16026,30128,32307,2122,1690,1387,1151,964,906,1488,301,3140,2312,1716,13031,6829,4653,3119,1932,2512,5421,1708,310M600US46140,"Tulsa, OK Metro Area",310M600US46140
473,45047,23333,3301,4839,5133,1019,939,813,204,316,678,738,435,2037,1668,1136,2204,924,839,281,518,607,1530,349,310M600US46180,"Tupelo, MS Micro Area",310M600US46180
474,67486,39688,3744,7392,10098,2003,1373,1337,713,811,478,1074,354,2091,1605,1229,1617,2390,700,561,356,716,1690,422,310M600US46220,"Tuscaloosa, AL Metro Area",310M600US46220
475,30771,19921,1697,3882,4480,1107,1073,770,685,411,469,788,181,1298,1188,524,1189,905,935,175,144,136,329,0,310M600US46300,"Twin Falls, ID Metro Area",310M600US46300
476,57399,31086,2689,5550,7444,1597,1262,800,1104,422,755,1041,101,2088,1546,1188,2461,2619,517,1030,697,685,1745,15,310M600US46340,"Tyler, TX Metro Area",310M600US46340
477,21814,10027,839,806,1473,569,702,319,456,377,606,852,164,1382,924,710,1537,637,533,252,95,337,1669,236,310M600US46380,"Ukiah, CA Micro Area",310M600US46380
478,201897,132838,9749,15067,18664,2018,1452,1942,1752,1446,1642,2086,738,2842,2118,1511,5770,3913,3504,1600,925,1183,4867,1174,310M600US46520,"Urban Honolulu, HI Metro Area",310M600US46520
479,84492,41947,4836,9192,8894,1434,1049,1355,561,461,835,807,57,2297,1936,1219,4676,2518,1703,1455,840,1157,3169,490,310M600US46540,"Utica-Rome, NY Metro Area",310M600US46540
480,35230,20520,2500,2983,3836,1193,1168,746,703,514,384,838,474,1889,1176,1136,958,577,782,159,290,303,1453,190,310M600US46660,"Valdosta, GA Metro Area",310M600US46660
481,102884,73883,3244,9303,12845,1969,1812,1536,1513,1117,1320,1924,226,2430,1991,1146,2304,1829,919,637,749,779,2519,476,310M600US46700,"Vallejo, CA Metro Area",310M600US46700
482,24335,8979,516,1815,1698,726,685,516,455,348,557,246,237,1599,1417,657,1746,455,559,538,557,398,504,39,310M600US47020,"Victoria, TX Metro Area",310M600US47020
483,36759,22103,1385,3774,4340,1300,998,507,767,917,931,1210,283,1583,1129,628,1702,1332,1434,1255,376,439,1006,174,310M600US47220,"Vineland-Bridgeton, NJ Metro Area",310M600US47220
484,460021,326770,25428,50833,59647,3702,3783,3509,2326,2389,2529,3830,724,5334,4722,2511,13502,6451,5115,2483,1370,3438,7846,1393,310M600US47260,"Virginia Beach-Norfolk-Newport News, VA-NC Metro Area",310M600US47260
485,83709,54800,5816,8081,8850,1536,2039,1203,987,1044,980,1530,127,2555,1702,1250,2778,1559,1341,940,721,593,1874,402,310M600US47300,"Visalia, CA Metro Area",310M600US47300
486,62430,33394,3406,5884,5679,1289,1235,1454,519,726,953,1138,154,2728,1833,1203,3170,2818,822,973,410,1165,2028,375,310M600US47380,"Waco, TX Metro Area",310M600US47380
487,14971,8770,370,1309,2017,781,656,539,285,364,388,407,83,955,664,552,757,63,267,297,89,188,496,170,310M600US47460,"Walla Walla, WA Metro Area",310M600US47460
488,48592,30373,2396,8107,4970,1189,1182,846,999,764,779,979,215,2047,1752,1002,769,1115,332,279,73,0,667,305,310M600US47580,"Warner Robins, GA Metro Area",310M600US47580
489,25243,16261,2091,4703,4435,856,530,476,378,412,256,308,207,939,696,710,755,889,332,512,144,10,492,152,310M600US47700,"Warsaw, IN Micro Area",310M600US47700
490,1547131,1161818,104783,220545,244769,8679,8306,6176,4739,4630,3957,4866,1231,8963,7223,3929,33465,18956,11845,7126,4937,6229,24514,4515,310M600US47900,"Washington-Arlington-Alexandria, DC-VA-MD-WV Metro Area",310M600US47900
491,47589,29214,2689,6150,6822,918,969,697,571,333,502,469,260,1314,1022,730,1727,1000,532,588,53,384,1740,103,310M600US47940,"Waterloo-Cedar Falls, IA Metro Area",310M600US47940
492,26342,16594,840,2880,3907,901,610,686,482,483,517,412,15,992,802,465,1225,1022,462,544,173,337,234,275,310M600US48020,"Watertown-Fort Atkinson, WI Micro Area",310M600US48020
493,25380,13369,842,2958,2576,648,489,494,301,238,240,624,45,1219,856,642,965,619,976,176,446,412,770,203,310M600US48060,"Watertown-Fort Drum, NY Metro Area",310M600US48060
494,53068,29337,4055,5785,6304,970,853,715,575,384,353,692,152,1653,1348,810,2275,1540,727,484,159,641,1731,234,310M600US48140,"Wausau-Weston, WI Metro Area",310M600US48140
495,36060,16525,2370,5160,2863,906,719,535,378,175,400,423,34,1653,1447,813,2385,621,1295,313,145,282,831,14,310M600US48260,"Weirton-Steubenville, WV-OH Metro Area",310M600US48260
496,33426,18990,1817,4390,4444,991,756,699,459,432,406,520,214,1657,1377,884,1117,314,173,306,468,102,951,160,310M600US48300,"Wenatchee, WA Metro Area",310M600US48300
497,41472,19705,3252,4703,4263,887,716,554,430,317,365,736,210,1425,1214,812,1744,1382,1041,387,286,285,810,269,310M600US48540,"Wheeling, WV-OH Metro Area",310M600US48540
498,30410,19487,1409,4459,3481,893,629,699,430,331,282,536,104,1013,689,578,1580,843,364,168,264,380,876,195,310M600US48580,"Whitewater, WI Micro Area",310M600US48580
499,169664,101312,8179,21978,25068,2153,2192,1855,1293,731,958,1666,258,3128,2509,1764,6491,4529,2139,1786,1380,2303,4542,1086,310M600US48620,"Wichita, KS Metro Area",310M600US48620
500,36520,18632,1628,3310,3610,844,952,426,542,315,435,576,319,1633,1122,893,2172,1600,573,831,253,393,1263,196,310M600US48660,"Wichita Falls, TX Metro Area",310M600US48660
501,32765,19150,1514,3508,4521,1018,853,803,313,214,492,437,29,1418,1069,599,1576,741,435,452,273,247,832,83,310M600US48700,"Williamsport, PA Metro Area",310M600US48700
502,86925,56095,5175,8507,10239,1551,1895,1221,1011,748,1170,1675,114,2692,1962,1378,2418,1757,663,621,1271,854,2102,784,310M600US48900,"Wilmington, NC Metro Area",310M600US48900
503,20798,12074,663,2254,2674,786,680,381,355,557,389,701,221,1026,737,565,1264,824,514,233,383,297,561,501,310M600US48980,"Wilson, NC Micro Area",310M600US48980
504,41079,26429,3306,5591,5924,1088,1130,598,726,666,384,580,210,1675,1272,891,883,1012,499,231,166,423,722,92,310M600US49020,"Winchester, VA-WV Metro Area",310M600US49020
505,189637,112006,16184,22369,21022,2302,2097,1849,1279,1019,1120,1865,394,3893,3359,1931,7417,4034,2095,1930,565,1932,2990,1058,310M600US49180,"Winston-Salem, NC Metro Area",310M600US49180
506,24369,13895,1444,3782,3400,735,514,485,231,82,350,470,114,1132,781,705,1120,824,552,186,158,464,485,15,310M600US49220,"Wisconsin Rapids-Marshfield, WI Micro Area",310M600US49220
507,33792,19030,2421,4550,3858,891,744,550,504,308,350,584,208,1166,952,657,2046,788,528,517,373,279,724,220,310M600US49300,"Wooster, OH Micro Area",310M600US49300
508,248789,167102,10426,27614,35130,3231,3095,2317,1637,1998,1434,2535,150,3461,2998,1932,8838,5427,4293,2117,2140,2718,8079,1577,310M600US49340,"Worcester, MA-CT Metro Area",310M600US49340
509,55180,30790,2893,5477,6138,1244,1275,835,1079,743,297,1019,78,1892,1713,918,2184,1159,735,592,614,436,1826,348,310M600US49420,"Yakima, WA Metro Area",310M600US49420
510,23171,6013,175,687,955,517,486,386,295,411,328,401,142,1321,1164,706,1013,1149,555,285,436,132,777,169,310M600US49500,"Yauco, PR Metro Area",310M600US49500
511,139723,88881,9009,17429,18335,2373,1556,1458,1472,1152,827,1245,457,2886,2107,1519,5699,4448,2804,1090,2778,899,2732,218,310M600US49620,"York-Hanover, PA Metro Area",310M600US49620
512,163222,85608,10504,21305,17020,1862,1651,1469,1095,892,858,1325,461,2772,2502,1656,9469,4303,3095,1790,1447,1439,5383,1332,310M600US49660,"Youngstown-Warren-Boardman, OH-PA Metro Area",310M600US49660
513,39894,25796,1267,2742,5536,1400,885,773,690,1177,787,1066,123,1548,1036,969,1575,781,412,505,354,723,1167,248,310M600US49700,"Yuba City, CA Metro Area",310M600US49700
514,56823,32526,3207,5286,5289,1314,1404,851,796,685,641,1718,228,2129,1553,1348,1540,1081,488,266,414,304,1675,509,310M600US49740,"Yuma, AZ Metro Area",310M600US49740
515,23575,13596,1344,3395,3375,917,530,460,416,233,475,691,208,1360,1064,851,1267,376,349,286,146,177,405,120,310M600US49780,"Zanesville, OH Micro Area",310M600US49780
