,County,Total Population,Est. Pop Below Poverty Level,2022 Poverty Rate,GEO_ID
0,United States,325521470,40951625,12.580314594917501,0100000US
0,"Baldwin County, Alabama",241525,32313,13.378739260946071,0500000US01003
1,"Calhoun County, Alabama",111451,20450,18.34887080420992,0500000US01015
2,"Cullman County, Alabama",89595,16019,17.87934594564429,0500000US01043
3,"DeKalb County, Alabama",70267,13967,19.877040431497004,0500000US01049
4,"Elmore County, Alabama",85226,9133,10.716213362119541,0500000US01051
5,"Etowah County, Alabama",101261,17774,17.552660945477527,0500000US01055
6,"Houston County, Alabama",107230,18773,17.507227455003264,0500000US01069
7,"Jefferson County, Alabama",646605,106039,16.399347360444168,0500000US01073
8,"Lauderdale County, Alabama",92667,10642,11.484131352045496,0500000US01077
9,"Lee County, Alabama",173273,26217,15.130458871260958,0500000US01081
10,"Limestone County, Alabama",107692,10200,9.471455632730379,0500000US01083
11,"Madison County, Alabama",393100,44774,11.389977105062325,0500000US01089
12,"Marshall County, Alabama",98096,16625,16.947683901484258,0500000US01095
13,"Mobile County, Alabama",403371,77232,19.14664167726485,0500000US01097
14,"Montgomery County, Alabama",216621,37581,17.34873350229202,0500000US01101
15,"Morgan County, Alabama",121914,15221,12.48503043128763,0500000US01103
16,"St. Clair County, Alabama",91813,12040,13.113611362225393,0500000US01115
17,"Shelby County, Alabama",226033,14066,6.2229851393380615,0500000US01117
18,"Talladega County, Alabama",77427,13948,18.01438774587676,0500000US01121
19,"Tuscaloosa County, Alabama",220784,36862,16.695956228712223,0500000US01125
20,"Anchorage Municipality, Alaska",281166,31222,11.104472091220133,0500000US02020
21,"Fairbanks North Star Borough, Alaska",91659,6528,7.1220502078355645,0500000US02090
22,"Matanuska-Susitna Borough, Alaska",110111,11501,10.444914677007747,0500000US02170
23,"Apache County, Arizona",64254,18087,28.14922028200579,0500000US04001
24,"Cochise County, Arizona",120607,21421,17.760992313878962,0500000US04003
25,"Coconino County, Arizona",133203,22639,16.995863456528756,0500000US04005
26,"Maricopa County, Arizona",4486042,483305,10.773528201474708,0500000US04013
27,"Mohave County, Arizona",215093,36518,16.97777240542463,0500000US04015
28,"Navajo County, Arizona",106297,29857,28.088280948662707,0500000US04017
29,"Pima County, Arizona",1031053,148963,14.44765690997456,0500000US04019
30,"Pinal County, Arizona",446986,49295,11.028309611486712,0500000US04021
31,"Yavapai County, Arizona",242449,34467,14.216185672038243,0500000US04025
32,"Yuma County, Arizona",201371,26544,13.181639858768143,0500000US04027
33,"Benton County, Arkansas",298402,21740,7.285473957949344,0500000US05007
34,"Craighead County, Arkansas",109570,19650,17.933740987496577,0500000US05031
35,"Faulkner County, Arkansas",122009,19633,16.091435877681153,0500000US05045
36,"Garland County, Arkansas",98515,17625,17.890676546718772,0500000US05051
37,"Jefferson County, Arkansas",58172,11833,20.34140136147975,0500000US05069
38,"Lonoke County, Arkansas",74105,9257,12.491734700762432,0500000US05085
39,"Pulaski County, Arkansas",390195,68846,17.64399851356373,0500000US05119
40,"Saline County, Arkansas",126180,13451,10.660168013948327,0500000US05125
41,"Sebastian County, Arkansas",127316,22390,17.586163561531936,0500000US05131
42,"Washington County, Arkansas",245921,36490,14.838098413718226,0500000US05143
43,"White County, Arkansas",75316,12189,16.183812204578043,0500000US05145
44,"Alameda County, California",1599844,161706,10.107610492022973,0500000US06001
45,"Butte County, California",202356,38102,18.82919211686335,0500000US06007
46,"Contra Costa County, California",1147053,99761,8.697156975309772,0500000US06013
47,"El Dorado County, California",191241,13897,7.266747193331974,0500000US06017
48,"Fresno County, California",996324,186491,18.717907026228417,0500000US06019
49,"Humboldt County, California",132174,24333,18.40982341458986,0500000US06023
50,"Imperial County, California",172247,38933,22.603006148147717,0500000US06025
51,"Kern County, California",892322,159429,17.86675661924731,0500000US06029
52,"Kings County, California",139712,26210,18.760020613834172,0500000US06031
53,"Lake County, California",66685,11175,16.75789157981555,0500000US06033
54,"Los Angeles County, California",9571103,1327645,13.87138974473475,0500000US06037
55,"Madera County, California",153587,37382,24.33929955009213,0500000US06039
56,"Marin County, California",250519,19279,7.695623884815124,0500000US06041
57,"Mendocino County, California",88347,16897,19.125720171596093,0500000US06045
58,"Merced County, California",286796,55442,19.33151089973361,0500000US06047
59,"Monterey County, California",414076,49826,12.033056733546498,0500000US06053
60,"Napa County, California",131912,11603,8.796015525501849,0500000US06055
61,"Nevada County, California",101318,11100,10.955605124459622,0500000US06057
62,"Orange County, California",3108257,306743,9.868649857460307,0500000US06059
63,"Placer County, California",413973,25850,6.244368594087054,0500000US06061
64,"Riverside County, California",2442064,262151,10.734812846837757,0500000US06065
65,"Sacramento County, California",1567307,189609,12.097757491033983,0500000US06067
66,"San Benito County, California",67249,2430,3.6134366310279704,0500000US06069
67,"San Bernardino County, California",2153916,289277,13.430282332272938,0500000US06071
68,"San Diego County, California",3176013,336145,10.583867257470294,0500000US06073
69,"San Francisco County, California",794906,82817,10.418464573169658,0500000US06075
70,"San Joaquin County, California",782894,94436,12.06242479824855,0500000US06077
71,"San Luis Obispo County, California",268235,32721,12.19863179674539,0500000US06079
72,"San Mateo County, California",721852,52195,7.230706571430155,0500000US06081
73,"Santa Barbara County, California",422862,60837,14.38696312272089,0500000US06083
74,"Santa Clara County, California",1836579,136542,7.434583538197921,0500000US06085
75,"Santa Cruz County, California",253790,32759,12.907915993537964,0500000US06087
76,"Shasta County, California",177911,24412,13.721467475310689,0500000US06089
77,"Solano County, California",439462,44216,10.061393249018117,0500000US06095
78,"Sonoma County, California",475284,42045,8.84628979725806,0500000US06097
79,"Stanislaus County, California",546148,82615,15.126852062078411,0500000US06099
80,"Sutter County, California",97454,15538,15.943932522010385,0500000US06101
81,"Tehama County, California",64591,9344,14.466411729188277,0500000US06103
82,"Tulare County, California",472001,85966,18.21309700615041,0500000US06107
83,"Ventura County, California",820508,76843,9.365295646111921,0500000US06111
84,"Yolo County, California",212826,37313,17.532162423764014,0500000US06113
85,"Yuba County, California",83288,12256,14.715205071558929,0500000US06115
86,"Adams County, Colorado",524919,53446,10.181761376517139,0500000US08001
87,"Arapahoe County, Colorado",650702,51678,7.941884303413851,0500000US08005
88,"Boulder County, Colorado",315034,38849,12.331684834017915,0500000US08013
89,"Broomfield County, Colorado",75586,5585,7.388934458762204,0500000US08014
90,"Denver County, Colorado",702029,82743,11.786265239755053,0500000US08031
91,"Douglas County, Colorado",374401,11640,3.1089660551120324,0500000US08035
92,"El Paso County, Colorado",719513,59578,8.280322940655694,0500000US08041
93,"Jefferson County, Colorado",568189,36220,6.374639424557674,0500000US08059
94,"Larimer County, Colorado",356954,41334,11.579643315385175,0500000US08069
95,"Mesa County, Colorado",154491,15978,10.342350039808144,0500000US08077
96,"Pueblo County, Colorado",165088,24389,14.77333301027331,0500000US08101
97,"Weld County, Colorado",345091,30807,8.927210503896074,0500000US08123
98,"Capitol Planning Region, Connecticut",944074,96850,10.258729718221241,0500000US09110
99,"Greater Bridgeport Planning Region, Connecticut",317039,42701,13.468689971896202,0500000US09120
100,"Lower Connecticut River Valley Planning Region, Connecticut",166849,12261,7.348560674621964,0500000US09130
101,"Naugatuck Valley Planning Region, Connecticut",447221,41864,9.360919992576378,0500000US09140
102,"Northeastern Connecticut Planning Region, Connecticut",95320,8078,8.474611833822912,0500000US09150
103,"Northwest Hills Planning Region, Connecticut",112158,8860,7.899570249112858,0500000US09160
104,"South Central Connecticut Planning Region, Connecticut",548218,59322,10.820877825974339,0500000US09170
105,"Southeastern Connecticut Planning Region, Connecticut",268737,29881,11.119049479602735,0500000US09180
106,"Western Connecticut Planning Region, Connecticut",614491,45878,7.466016589339795,0500000US09190
107,"Kent County, Delaware",182448,17094,9.369244935543279,0500000US10001
108,"New Castle County, Delaware",559867,53722,9.595493215352931,0500000US10003
109,"Sussex County, Delaware",252792,22469,8.888335073894742,0500000US10005
110,"District of Columbia, District of Columbia",642853,85676,13.327463665876957,0500000US11001
111,"Alachua County, Florida",267956,51815,19.337129976563318,0500000US12001
112,"Bay County, Florida",181870,19711,10.837961181063397,0500000US12005
113,"Brevard County, Florida",621629,60456,9.725414998335019,0500000US12009
114,"Broward County, Florida",1928519,256237,13.286724165019894,0500000US12011
115,"Charlotte County, Florida",198957,17033,8.561146378363164,0500000US12015
116,"Citrus County, Florida",159751,29597,18.526957577730343,0500000US12017
117,"Clay County, Florida",223498,19823,8.869430598931533,0500000US12019
118,"Collier County, Florida",393949,41322,10.48917499473282,0500000US12021
119,"Columbia County, Florida",67987,13852,20.37448335711239,0500000US12023
120,"Duval County, Florida",994766,137025,13.774596236702902,0500000US12031
121,"Escambia County, Florida",304342,49909,16.39898535200531,0500000US12033
122,"Flagler County, Florida",125683,11531,9.174669605276769,0500000US12035
123,"Hernando County, Florida",203355,23921,11.763172776671338,0500000US12053
124,"Highlands County, Florida",104289,15080,14.459818389283624,0500000US12055
125,"Hillsborough County, Florida",1482234,190472,12.850332673518485,0500000US12057
126,"Indian River County, Florida",165342,20195,12.214077487873618,0500000US12061
127,"Lake County, Florida",405652,37297,9.194334059735931,0500000US12069
128,"Lee County, Florida",809051,90108,11.13749318646167,0500000US12071
129,"Leon County, Florida",279053,53400,19.136149763664967,0500000US12073
130,"Manatee County, Florida",424346,41708,9.828771804140962,0500000US12081
131,"Marion County, Florida",385181,62026,16.103078812298634,0500000US12083
132,"Martin County, Florida",158494,15529,9.797847237119386,0500000US12085
133,"Miami-Dade County, Florida",2632203,379727,14.426204969753472,0500000US12086
134,"Monroe County, Florida",80966,12531,15.476866832991625,0500000US12087
135,"Nassau County, Florida",96600,5083,5.261904761904762,0500000US12089
136,"Okaloosa County, Florida",211921,13792,6.5080855601851635,0500000US12091
137,"Orange County, Florida",1411405,176824,12.528225420768665,0500000US12095
138,"Osceola County, Florida",419388,56827,13.549982355241447,0500000US12097
139,"Palm Beach County, Florida",1489735,164260,11.026122095540481,0500000US12099
140,"Pasco County, Florida",601089,64538,10.736845957919709,0500000US12101
141,"Pinellas County, Florida",943121,117045,12.41039060735579,0500000US12103
142,"Polk County, Florida",769699,122208,15.877375441568716,0500000US12105
143,"Putnam County, Florida",73266,17022,23.233150438129556,0500000US12107
144,"St. Johns County, Florida",304155,17121,5.629037826108399,0500000US12109
145,"St. Lucie County, Florida",355968,48600,13.652912621359222,0500000US12111
146,"Santa Rosa County, Florida",193939,17840,9.19876868499889,0500000US12113
147,"Sarasota County, Florida",452480,37701,8.332080975954739,0500000US12115
148,"Seminole County, Florida",472643,54397,11.509109412389478,0500000US12117
149,"Sumter County, Florida",137214,13661,9.955981168102381,0500000US12119
150,"Volusia County, Florida",562283,63902,11.364739819628195,0500000US12127
151,"Walton County, Florida",81535,9722,11.923713742564543,0500000US12131
152,"Barrow County, Georgia",88486,8445,9.543882648102525,0500000US13013
153,"Bartow County, Georgia",111857,10777,9.634622777296013,0500000US13015
154,"Bibb County, Georgia",149835,35258,23.531217672773383,0500000US13021
155,"Bulloch County, Georgia",76975,20859,27.098408574212407,0500000US13031
156,"Carroll County, Georgia",121128,15216,12.561917971071923,0500000US13045
157,"Catoosa County, Georgia",68278,7447,10.906880693634847,0500000US13047
158,"Chatham County, Georgia",286700,47169,16.452389257063132,0500000US13051
159,"Cherokee County, Georgia",279449,13940,4.988387863259486,0500000US13057
160,"Clarke County, Georgia",120046,35526,29.593655765289974,0500000US13059
161,"Clayton County, Georgia",293667,40253,13.707021898953577,0500000US13063
162,"Cobb County, Georgia",762637,59396,7.788240014580987,0500000US13067
163,"Columbia County, Georgia",161237,12473,7.73581746125269,0500000US13073
164,"Coweta County, Georgia",151435,9866,6.5150064384059165,0500000US13077
165,"DeKalb County, Georgia",751794,100579,13.378531885064259,0500000US13089
166,"Dougherty County, Georgia",79563,23582,29.6394052511846,0500000US13095
167,"Douglas County, Georgia",146034,12725,8.713724201213417,0500000US13097
168,"Effingham County, Georgia",68653,5602,8.159876480270345,0500000US13103
169,"Fayette County, Georgia",121303,7614,6.27684393625879,0500000US13113
170,"Floyd County, Georgia",95627,13871,14.505317535842387,0500000US13115
171,"Forsyth County, Georgia",265881,8248,3.1021396790293405,0500000US13117
172,"Fulton County, Georgia",1046996,133247,12.726600674692168,0500000US13121
173,"Glynn County, Georgia",84028,10360,12.329223592135955,0500000US13127
174,"Gwinnett County, Georgia",967772,87407,9.031776079489799,0500000US13135
175,"Hall County, Georgia",209776,25813,12.30503012737396,0500000US13139
176,"Henry County, Georgia",247118,19043,7.706035173479877,0500000US13151
177,"Houston County, Georgia",167841,16326,9.727063113303663,0500000US13153
178,"Jackson County, Georgia",83376,3584,4.2985991172519675,0500000US13157
179,"Liberty County, Georgia",64812,8110,12.513114855273717,0500000US13179
180,"Lowndes County, Georgia",115100,16093,13.981754995655951,0500000US13185
181,"Muscogee County, Georgia",196703,35003,17.794848070441223,0500000US13215
182,"Newton County, Georgia",116111,14307,12.321829973043036,0500000US13217
183,"Paulding County, Georgia",177659,15100,8.49942868078735,0500000US13223
184,"Richmond County, Georgia",196450,33448,17.026215321964877,0500000US13245
185,"Rockdale County, Georgia",94281,6519,6.914436630922455,0500000US13247
186,"Spalding County, Georgia",67916,14584,21.47358501678544,0500000US13255
187,"Troup County, Georgia",68383,13844,20.244797683634822,0500000US13285
188,"Walker County, Georgia",67121,10244,15.261989541276202,0500000US13295
189,"Walton County, Georgia",100959,12944,12.821046167256014,0500000US13297
190,"Whitfield County, Georgia",101965,13195,12.940714951208749,0500000US13313
191,"Hawaii County, Hawaii",203876,30833,15.123408346249681,0500000US15001
192,"Honolulu County, Hawaii",963464,93402,9.694394393563226,0500000US15003
193,"Kauai County, Hawaii",73169,4817,6.583389140209651,0500000US15007
194,"Maui County, Hawaii",162152,13326,8.21821500814051,0500000US15009
195,"Ada County, Idaho",506264,41225,8.142984687830856,0500000US16001
196,"Bannock County, Idaho",86898,11035,12.698796289903106,0500000US16005
197,"Bonneville County, Idaho",128047,15976,12.476668723203199,0500000US16019
198,"Canyon County, Idaho",247589,26451,10.683431008647396,0500000US16027
199,"Kootenai County, Idaho",181809,19696,10.833347084027743,0500000US16055
200,"Twin Falls County, Idaho",92291,9332,10.111495162041804,0500000US16083
201,"Champaign County, Illinois",191988,38557,20.083026022459737,0500000US17019
202,"Cook County, Illinois",5031145,682858,13.572616173853069,0500000US17031
203,"DeKalb County, Illinois",95383,13499,14.152417097386326,0500000US17037
204,"DuPage County, Illinois",907880,61047,6.72412653654668,0500000US17043
205,"Kane County, Illinois",508335,39462,7.7629909410133076,0500000US17089
206,"Kankakee County, Illinois",102070,14102,13.816008621534243,0500000US17091
207,"Kendall County, Illinois",136804,12572,9.189789772228881,0500000US17093
208,"Lake County, Illinois",690669,55201,7.992395778585689,0500000US17097
209,"LaSalle County, Illinois",105229,16146,15.343679023843237,0500000US17099
210,"McHenry County, Illinois",309848,17153,5.535940202938215,0500000US17111
211,"McLean County, Illinois",162280,18402,11.339659847177717,0500000US17113
212,"Macon County, Illinois",98480,13800,14.012997562956944,0500000US17115
213,"Madison County, Illinois",258519,31545,12.202197904215938,0500000US17119
214,"Peoria County, Illinois",173514,22329,12.868702237283447,0500000US17143
215,"Rock Island County, Illinois",136758,20795,15.20569180596382,0500000US17161
216,"St. Clair County, Illinois",247789,39118,15.78681862390986,0500000US17163
217,"Sangamon County, Illinois",190411,21096,11.079191853411832,0500000US17167
218,"Tazewell County, Illinois",125762,10825,8.607528506226046,0500000US17179
219,"Vermilion County, Illinois",69273,11640,16.80308345242735,0500000US17183
220,"Will County, Illinois",688762,47823,6.943327303190363,0500000US17197
221,"Williamson County, Illinois",64336,7378,11.467918428251679,0500000US17199
222,"Winnebago County, Illinois",278298,43533,15.642584567621759,0500000US17201
223,"Allen County, Indiana",385067,42872,11.133646871843082,0500000US18003
224,"Bartholomew County, Indiana",82632,13160,15.926033497918482,0500000US18005
225,"Boone County, Indiana",72934,2932,4.020072942660487,0500000US18011
226,"Clark County, Indiana",122780,10903,8.880110767225933,0500000US18019
227,"Delaware County, Indiana",103840,19540,18.817411402157163,0500000US18035
228,"Elkhart County, Indiana",203933,30381,14.897539878293362,0500000US18039
229,"Floyd County, Indiana",79234,7623,9.62086982860893,0500000US18043
230,"Grant County, Indiana",60255,12208,20.260559289685503,0500000US18053
231,"Hamilton County, Indiana",362371,16846,4.648826754900365,0500000US18057
232,"Hancock County, Indiana",82046,3341,4.072105891816786,0500000US18059
233,"Hendricks County, Indiana",175858,9140,5.197375154954566,0500000US18063
234,"Howard County, Indiana",82472,13703,16.61533611407508,0500000US18067
235,"Johnson County, Indiana",162748,11254,6.914985130385627,0500000US18081
236,"Kosciusko County, Indiana",79324,10030,12.644344712823358,0500000US18085
237,"Lake County, Indiana",492768,70810,14.369845444509382,0500000US18089
238,"LaPorte County, Indiana",104916,16729,15.945137062030575,0500000US18091
239,"Madison County, Indiana",127103,18899,14.869043216918563,0500000US18095
240,"Marion County, Indiana",951702,146876,15.432982172991125,0500000US18097
241,"Monroe County, Indiana",126376,24473,19.365227574855986,0500000US18105
242,"Morgan County, Indiana",71390,5839,8.17901666900126,0500000US18109
243,"Porter County, Indiana",171375,15541,9.068417213712618,0500000US18127
244,"St. Joseph County, Indiana",260560,33148,12.721829904820387,0500000US18141
245,"Tippecanoe County, Indiana",172601,34014,19.70672244077381,0500000US18157
246,"Vanderburgh County, Indiana",173974,27116,15.586237023923116,0500000US18163
247,"Vigo County, Indiana",98120,17956,18.30004076640848,0500000US18167
248,"Warrick County, Indiana",63964,4994,7.80751672815959,0500000US18173
249,"Wayne County, Indiana",64886,11930,18.386092531516816,0500000US18177
250,"Black Hawk County, Iowa",125028,21988,17.58646063281825,0500000US19013
251,"Dallas County, Iowa",107264,5910,5.509770286396182,0500000US19049
252,"Dubuque County, Iowa",94773,10404,10.97781013579817,0500000US19061
253,"Johnson County, Iowa",147959,23875,16.13622692772998,0500000US19103
254,"Linn County, Iowa",224009,19669,8.780450785459513,0500000US19113
255,"Polk County, Iowa",492908,50087,10.161531157944282,0500000US19153
256,"Pottawattamie County, Iowa",89888,10727,11.93373976504094,0500000US19155
257,"Scott County, Iowa",170484,19375,11.364702846014875,0500000US19163
258,"Story County, Iowa",86770,15755,18.15719718796819,0500000US19169
259,"Woodbury County, Iowa",103169,12994,12.594868613633942,0500000US19193
260,"Butler County, Kansas",65489,3544,5.4115958405228355,0500000US20015
261,"Douglas County, Kansas",112028,18330,16.361980933338096,0500000US20045
262,"Johnson County, Kansas",613260,33092,5.396079966082901,0500000US20091
263,"Leavenworth County, Kansas",79314,8335,10.50886350455153,0500000US20103
264,"Riley County, Kansas",60940,13851,22.728913685592385,0500000US20161
265,"Sedgwick County, Kansas",516525,82771,16.024587386864138,0500000US20173
266,"Shawnee County, Kansas",173050,24226,13.999422132331695,0500000US20177
267,"Wyandotte County, Kansas",163779,24019,14.665494355198163,0500000US20209
268,"Boone County, Kentucky",137860,10050,7.290004352241404,0500000US21015
269,"Bullitt County, Kentucky",83579,8102,9.69382261094294,0500000US21029
270,"Campbell County, Kentucky",90567,7797,8.6090960283547,0500000US21037
271,"Christian County, Kentucky",68993,11805,17.11043149305002,0500000US21047
272,"Daviess County, Kentucky",100656,12264,12.18407248450167,0500000US21059
273,"Fayette County, Kentucky",308447,45248,14.669619091772654,0500000US21067
274,"Hardin County, Kentucky",107113,13533,12.634320764052918,0500000US21093
275,"Jefferson County, Kentucky",760566,112114,14.740864040727564,0500000US21111
276,"Kenton County, Kentucky",168910,17568,10.40080516251258,0500000US21117
277,"McCracken County, Kentucky",65982,9125,13.829529265557273,0500000US21145
278,"Madison County, Kentucky",89336,13723,15.361108623623176,0500000US21151
279,"Oldham County, Kentucky",65172,1819,2.791075922175167,0500000US21185
280,"Pulaski County, Kentucky",64609,11697,18.104288876162762,0500000US21199
281,"Warren County, Kentucky",134783,26221,19.45423384254691,0500000US21227
282,"Ascension Parish, Louisiana",129450,12764,9.860177674777907,0500000US22005
283,"Bossier Parish, Louisiana",126127,15907,12.61189118903962,0500000US22015
284,"Caddo Parish, Louisiana",223838,50010,22.34205094756029,0500000US22017
285,"Calcasieu Parish, Louisiana",199390,32737,16.41857665880937,0500000US22019
286,"East Baton Rouge Parish, Louisiana",435486,80058,18.383599013515934,0500000US22033
287,"Iberia Parish, Louisiana",67458,15408,22.84087876901183,0500000US22045
288,"Jefferson Parish, Louisiana",422860,59660,14.108688454807739,0500000US22051
289,"Lafayette Parish, Louisiana",245310,43171,17.598548775019363,0500000US22055
290,"Lafourche Parish, Louisiana",93266,16642,17.843587159307788,0500000US22057
291,"Livingston Parish, Louisiana",146780,21813,14.861016487259846,0500000US22063
292,"Orleans Parish, Louisiana",357172,79455,22.24558476028356,0500000US22071
293,"Ouachita Parish, Louisiana",152941,36747,24.026912338745007,0500000US22073
294,"Rapides Parish, Louisiana",124392,22932,18.435269149141423,0500000US22079
295,"St. Landry Parish, Louisiana",80733,24088,29.836621951370567,0500000US22097
296,"St. Tammany Parish, Louisiana",270026,28793,10.663047262115501,0500000US22103
297,"Tangipahoa Parish, Louisiana",133582,25850,19.351409621056728,0500000US22105
298,"Terrebonne Parish, Louisiana",103670,14792,14.26835149995177,0500000US22109
299,"Androscoggin County, Maine",108675,13798,12.696572348746264,0500000US23001
300,"Aroostook County, Maine",65721,10226,15.559714550904582,0500000US23003
301,"Cumberland County, Maine",298861,18422,6.164069584187967,0500000US23005
302,"Kennebec County, Maine",122286,15522,12.693194642068592,0500000US23011
303,"Penobscot County, Maine",147812,22358,15.125970827808297,0500000US23019
304,"York County, Maine",213723,17770,8.314500545098094,0500000US23031
305,"Allegany County, Maryland",61228,11585,18.921081857973476,0500000US24001
306,"Anne Arundel County, Maryland",584077,36384,6.2293156552988735,0500000US24003
307,"Baltimore County, Maryland",826088,93881,11.364527750070211,0500000US24005
308,"Calvert County, Maryland",94173,3251,3.4521572000467224,0500000US24009
309,"Carroll County, Maryland",171381,9225,5.382743711379908,0500000US24013
310,"Cecil County, Maryland",102765,9720,9.458473215588965,0500000US24015
311,"Charles County, Maryland",169078,14362,8.494304403884598,0500000US24017
312,"Frederick County, Maryland",283061,14517,5.128576525907843,0500000US24021
313,"Harford County, Maryland",262485,19563,7.452997314132236,0500000US24025
314,"Howard County, Maryland",332598,17714,5.3259490435901595,0500000US24027
315,"Montgomery County, Maryland",1044068,82410,7.893164046786224,0500000US24031
316,"Prince George's County, Maryland",925327,100631,10.875182503050274,0500000US24033
317,"St. Mary's County, Maryland",112200,9144,8.149732620320856,0500000US24037
318,"Washington County, Maryland",148261,17212,11.609256648747817,0500000US24043
319,"Wicomico County, Maryland",101564,10766,10.600212673782048,0500000US24045
320,"Baltimore city, Maryland",552123,102322,18.53246468631084,0500000US24510
321,"Barnstable County, Massachusetts",229118,15801,6.896446372611492,0500000US25001
322,"Berkshire County, Massachusetts",122768,14579,11.875244363352014,0500000US25003
323,"Bristol County, Massachusetts",567218,65011,11.461378165008867,0500000US25005
324,"Essex County, Massachusetts",790349,77078,9.7524005217948,0500000US25009
325,"Franklin County, Massachusetts",69809,10677,15.294589522840896,0500000US25011
326,"Hampden County, Massachusetts",449419,76806,17.090065173034517,0500000US25013
327,"Hampshire County, Massachusetts",140559,16402,11.66912115197177,0500000US25015
328,"Middlesex County, Massachusetts",1563563,127797,8.173447440237458,0500000US25017
329,"Norfolk County, Massachusetts",709846,46042,6.48619559735492,0500000US25021
330,"Plymouth County, Massachusetts",523987,39306,7.501331139894692,0500000US25023
331,"Suffolk County, Massachusetts",724123,118711,16.393761833279704,0500000US25025
332,"Worcester County, Massachusetts",837973,89192,10.643779692185786,0500000US25027
333,"Allegan County, Michigan",120317,11964,9.943731974700167,0500000US26005
334,"Bay County, Michigan",101884,15667,15.377291822072161,0500000US26017
335,"Berrien County, Michigan",150364,22475,14.94706179670666,0500000US26021
336,"Calhoun County, Michigan",130254,17196,13.201897830392925,0500000US26025
337,"Clinton County, Michigan",78989,9090,11.507931484130701,0500000US26037
338,"Eaton County, Michigan",107035,9548,8.920446582893446,0500000US26045
339,"Genesee County, Michigan",396818,64988,16.37728127252292,0500000US26049
340,"Grand Traverse County, Michigan",94798,10867,11.46332201101289,0500000US26055
341,"Ingham County, Michigan",264575,43585,16.47358971936124,0500000US26065
342,"Ionia County, Michigan",63711,7334,11.511355966787525,0500000US26067
343,"Jackson County, Michigan",151650,19354,12.76228156940323,0500000US26075
344,"Kalamazoo County, Michigan",254182,29903,11.764405032614427,0500000US26077
345,"Kent County, Michigan",649069,68777,10.596254019218296,0500000US26081
346,"Lapeer County, Michigan",87363,9280,10.622345844350583,0500000US26087
347,"Lenawee County, Michigan",93914,11327,12.061034563536852,0500000US26091
348,"Livingston County, Michigan",194785,9008,4.62458608209051,0500000US26093
349,"Macomb County, Michigan",866644,83857,9.676060758512147,0500000US26099
350,"Marquette County, Michigan",62397,7041,11.284196355594018,0500000US26103
351,"Midland County, Michigan",82604,6389,7.7344922764030795,0500000US26111
352,"Monroe County, Michigan",153956,14404,9.355919873210528,0500000US26115
353,"Montcalm County, Michigan",65333,9247,14.153643641038984,0500000US26117
354,"Muskegon County, Michigan",170507,24407,14.314368325054103,0500000US26121
355,"Oakland County, Michigan",1258178,102156,8.119359899791604,0500000US26125
356,"Ottawa County, Michigan",290383,24870,8.564550955117896,0500000US26139
357,"Saginaw County, Michigan",182950,33598,18.364580486471713,0500000US26145
358,"St. Clair County, Michigan",158233,21738,13.737968691739397,0500000US26147
359,"Shiawassee County, Michigan",67240,8559,12.72903033908388,0500000US26155
360,"Van Buren County, Michigan",75191,11212,14.911359072229388,0500000US26159
361,"Washtenaw County, Michigan",348380,48330,13.872782593719501,0500000US26161
362,"Wayne County, Michigan",1737658,369068,21.23939233151748,0500000US26163
363,"Anoka County, Minnesota",364646,27609,7.57145286113107,0500000US27003
364,"Blue Earth County, Minnesota",66000,11670,17.681818181818183,0500000US27013
365,"Carver County, Minnesota",108916,5268,4.836754930405083,0500000US27019
366,"Clay County, Minnesota",63343,6900,10.893074214988237,0500000US27027
367,"Crow Wing County, Minnesota",67011,7582,11.314560296070795,0500000US27035
368,"Dakota County, Minnesota",440766,26433,5.997059664311675,0500000US27037
369,"Hennepin County, Minnesota",1236860,131879,10.66240318225183,0500000US27053
370,"Olmsted County, Minnesota",161496,15580,9.647297765888938,0500000US27109
371,"Ramsey County, Minnesota",520835,71902,13.805139823552565,0500000US27123
372,"Rice County, Minnesota",60797,7434,12.227577018602892,0500000US27131
373,"St. Louis County, Minnesota",194305,28499,14.667147011142276,0500000US27137
374,"Scott County, Minnesota",152961,6309,4.1245807754917925,0500000US27139
375,"Sherburne County, Minnesota",99202,6196,6.245841817705288,0500000US27141
376,"Stearns County, Minnesota",154046,17397,11.293379899510537,0500000US27145
377,"Washington County, Minnesota",272154,17035,6.259323765221161,0500000US27163
378,"Wright County, Minnesota",147113,7466,5.075010366181099,0500000US27171
379,"DeSoto County, Mississippi",190690,19519,10.23598510671771,0500000US28033
380,"Forrest County, Mississippi",73132,16094,22.006782256741236,0500000US28035
381,"Harrison County, Mississippi",205961,40157,19.497380572050048,0500000US28047
382,"Hinds County, Mississippi",208866,45717,21.888196259802935,0500000US28049
383,"Jackson County, Mississippi",143727,22534,15.678334620495802,0500000US28059
384,"Jones County, Mississippi",65053,9914,15.239881327532935,0500000US28067
385,"Lamar County, Mississippi",65136,11856,18.201915991156962,0500000US28073
386,"Lauderdale County, Mississippi",67718,16711,24.677338373844474,0500000US28075
387,"Lee County, Mississippi",81802,9865,12.059607344563702,0500000US28081
388,"Madison County, Mississippi",109376,10626,9.71511117612639,0500000US28089
389,"Rankin County, Mississippi",153081,14660,9.57662936615256,0500000US28121
390,"Boone County, Missouri",178029,31181,17.514562234242735,0500000US29019
391,"Buchanan County, Missouri",79243,15168,19.141122875206644,0500000US29021
392,"Cape Girardeau County, Missouri",78680,12291,15.621504829689883,0500000US29031
393,"Cass County, Missouri",109402,9652,8.822507815213616,0500000US29037
394,"Christian County, Missouri",92408,7086,7.668167258246039,0500000US29043
395,"Clay County, Missouri",254332,19332,7.601088341223283,0500000US29047
396,"Cole County, Missouri",73327,6252,8.526190898304854,0500000US29051
397,"Franklin County, Missouri",104401,8280,7.93095851572303,0500000US29071
398,"Greene County, Missouri",293678,45061,15.343675726475936,0500000US29077
399,"Jackson County, Missouri",705239,105987,15.028522245650056,0500000US29095
400,"Jasper County, Missouri",121388,23266,19.166639206511352,0500000US29097
401,"Jefferson County, Missouri",226509,19847,8.76212424230384,0500000US29099
402,"Platte County, Missouri",109535,12161,11.102387364769251,0500000US29165
403,"St. Charles County, Missouri",406873,19835,4.874985560604906,0500000US29183
404,"St. Francois County, Missouri",61617,12451,20.20708570686661,0500000US29187
405,"St. Louis County, Missouri",968287,100946,10.425214838162653,0500000US29189
406,"St. Louis city, Missouri",275622,56122,20.36194498262113,0500000US29510
407,"Cascade County, Montana",82327,12275,14.910053809807234,0500000US30013
408,"Flathead County, Montana",110642,12859,11.622168796659496,0500000US30029
409,"Gallatin County, Montana",121001,12897,10.658589598433071,0500000US30031
410,"Lewis and Clark County, Montana",72714,6351,8.734218994966582,0500000US30049
411,"Missoula County, Montana",118465,9386,7.923015236567762,0500000US30063
412,"Yellowstone County, Montana",166249,14155,8.514336928342427,0500000US30111
413,"Douglas County, Nebraska",575965,69792,12.117402967194186,0500000US31055
414,"Lancaster County, Nebraska",310936,40217,12.934172948774025,0500000US31109
415,"Sarpy County, Nebraska",195155,11560,5.923496707745126,0500000US31153
416,"Clark County, Nevada",2303122,301074,13.072429510898683,0500000US32003
417,"Washoe County, Nevada",489465,49893,10.19337439857804,0500000US32031
418,"Cheshire County, New Hampshire",74259,5781,7.784914959802852,0500000US33005
419,"Grafton County, New Hampshire",84938,9311,10.96211354164214,0500000US33009
420,"Hillsborough County, New Hampshire",419581,25980,6.191891434550182,0500000US33011
421,"Merrimack County, New Hampshire",149643,10189,6.808871781506652,0500000US33013
422,"Rockingham County, New Hampshire",317164,16491,5.199518230316177,0500000US33015
423,"Strafford County, New Hampshire",125889,10886,8.647300399558342,0500000US33017
424,"Atlantic County, New Jersey",270898,29894,11.035149761164718,0500000US34001
425,"Bergen County, New Jersey",942622,67195,7.128520233985627,0500000US34003
426,"Burlington County, New Jersey",454955,29995,6.5929597432713125,0500000US34005
427,"Camden County, New Jersey",518815,66250,12.769484305580988,0500000US34007
428,"Cape May County, New Jersey",94590,8684,9.180674489903796,0500000US34009
429,"Cumberland County, New Jersey",144645,22154,15.316118773549034,0500000US34011
430,"Essex County, New Jersey",832635,130921,15.723696457631494,0500000US34013
431,"Gloucester County, New Jersey",300124,22771,7.587197291786062,0500000US34015
432,"Hudson County, New Jersey",695197,99822,14.358807647328742,0500000US34017
433,"Hunterdon County, New Jersey",127614,4584,3.5920823734073064,0500000US34019
434,"Mercer County, New Jersey",363567,39485,10.86044663019471,0500000US34021
435,"Middlesex County, New Jersey",835763,70062,8.382998529487425,0500000US34023
436,"Monmouth County, New Jersey",638090,38634,6.054631791753515,0500000US34025
437,"Morris County, New Jersey",503055,20727,4.1202254226675015,0500000US34027
438,"Ocean County, New Jersey",649023,75990,11.708367808228676,0500000US34029
439,"Passaic County, New Jersey",505199,62135,12.299113814556243,0500000US34031
440,"Salem County, New Jersey",63858,6718,10.520216730871622,0500000US34033
441,"Somerset County, New Jersey",344059,16855,4.8988690893131706,0500000US34035
442,"Sussex County, New Jersey",144561,8816,6.098463624352349,0500000US34037
443,"Union County, New Jersey",564478,53743,9.520831635599617,0500000US34039
444,"Warren County, New Jersey",109406,6610,6.041716176443705,0500000US34041
445,"Bernalillo County, New Mexico",663280,94226,14.20606681944277,0500000US35001
446,"Doña Ana County, New Mexico",217015,53138,24.485865032371034,0500000US35013
447,"Lea County, New Mexico",70056,14278,20.380838186593582,0500000US35025
448,"McKinley County, New Mexico",69029,23135,33.514899534978056,0500000US35031
449,"Otero County, New Mexico",64746,12861,19.863775368362525,0500000US35035
450,"Sandoval County, New Mexico",152990,15385,10.056212824367606,0500000US35043
451,"San Juan County, New Mexico",119147,28693,24.082016332765406,0500000US35045
452,"Santa Fe County, New Mexico",153502,18057,11.7633646467147,0500000US35049
453,"Valencia County, New Mexico",76662,16524,21.55435548250763,0500000US35061
454,"Albany County, New York",299979,44349,14.784034882441771,0500000US36001
455,"Bronx County, New York",1354229,374766,27.673753848130563,0500000US36005
456,"Broome County, New York",185399,38628,20.835063835295767,0500000US36007
457,"Cattaraugus County, New York",74042,12517,16.905269981902162,0500000US36009
458,"Cayuga County, New York",71969,9584,13.316844752601813,0500000US36011
459,"Chautauqua County, New York",121709,22498,18.48507505607638,0500000US36013
460,"Chemung County, New York",78006,12348,15.829551572955927,0500000US36015
461,"Clinton County, New York",73163,10145,13.86629853887894,0500000US36019
462,"Dutchess County, New York",281548,25315,8.991362041286033,0500000US36027
463,"Erie County, New York",926465,122301,13.200822481151473,0500000US36029
464,"Jefferson County, New York",111212,15779,14.188217098874222,0500000US36045
465,"Kings County, New York",2561102,507449,19.81369738495382,0500000US36047
466,"Madison County, New York",61228,6419,10.483765597439081,0500000US36053
467,"Monroe County, New York",727204,101821,14.001710661657526,0500000US36055
468,"Nassau County, New York",1364712,72016,5.277010827192844,0500000US36059
469,"New York County, New York",1545516,267727,17.322822927747108,0500000US36061
470,"Niagara County, New York",207079,31212,15.07250855953525,0500000US36063
471,"Oneida County, New York",217173,35341,16.2732015489955,0500000US36065
472,"Onondaga County, New York",446387,61626,13.80550956905107,0500000US36067
473,"Ontario County, New York",107998,11037,10.219633696920313,0500000US36069
474,"Orange County, New York",397297,61401,15.454685034118052,0500000US36071
475,"Oswego County, New York",113672,21198,18.648391864311353,0500000US36075
476,"Putnam County, New York",96610,6262,6.481730669702928,0500000US36079
477,"Queens County, New York",2252013,293878,13.049569429661373,0500000US36081
478,"Rensselaer County, New York",152477,17539,11.502718442781534,0500000US36083
479,"Richmond County, New York",485177,53562,11.039682425176792,0500000US36085
480,"Rockland County, New York",333726,50345,15.085729011224776,0500000US36087
481,"St. Lawrence County, New York",97858,17912,18.30407324899344,0500000US36089
482,"Saratoga County, New York",235243,14894,6.33132548046063,0500000US36091
483,"Schenectady County, New York",156014,17556,11.252836283923237,0500000US36093
484,"Steuben County, New York",91293,11493,12.589136078341165,0500000US36101
485,"Suffolk County, New York",1497833,97459,6.506666631059671,0500000US36103
486,"Sullivan County, New York",77196,12697,16.447743406394114,0500000US36105
487,"Tompkins County, New York",89879,15013,16.70356813048654,0500000US36109
488,"Ulster County, New York",174214,30751,17.651279460892923,0500000US36111
489,"Warren County, New York",64773,6249,9.647538326154416,0500000US36113
490,"Wayne County, New York",90554,10736,11.855909181262009,0500000US36117
491,"Westchester County, New York",968154,89583,9.252970085337662,0500000US36119
492,"Alamance County, North Carolina",170596,21524,12.616942952941452,0500000US37001
493,"Brunswick County, North Carolina",151531,10473,6.911457061591357,0500000US37019
494,"Buncombe County, North Carolina",267164,33196,12.42532676558219,0500000US37021
495,"Burke County, North Carolina",85558,9164,10.710862806517216,0500000US37023
496,"Cabarrus County, North Carolina",233810,17565,7.5125101578204525,0500000US37025
497,"Caldwell County, North Carolina",79762,14544,18.23424688448133,0500000US37027
498,"Carteret County, North Carolina",68291,8895,13.025142405294988,0500000US37031
499,"Catawba County, North Carolina",160870,20222,12.570398458382545,0500000US37035
500,"Chatham County, North Carolina",79172,7473,9.438943060678017,0500000US37037
501,"Cleveland County, North Carolina",98430,16549,16.812963527379864,0500000US37045
502,"Craven County, North Carolina",97135,13929,14.339836310289803,0500000US37049
503,"Cumberland County, North Carolina",319263,50988,15.970532131816089,0500000US37051
504,"Davidson County, North Carolina",171051,21007,12.28113252772565,0500000US37057
505,"Durham County, North Carolina",320498,33622,10.490549082989597,0500000US37063
506,"Forsyth County, North Carolina",378350,56992,15.06330117615964,0500000US37067
507,"Franklin County, North Carolina",73109,6449,8.821075380596097,0500000US37069
508,"Gaston County, North Carolina",231247,25397,10.982628963835205,0500000US37071
509,"Guilford County, North Carolina",520700,88631,17.021509506433645,0500000US37081
510,"Harnett County, North Carolina",135720,17961,13.233863837312112,0500000US37085
511,"Henderson County, North Carolina",116569,16186,13.885338297489042,0500000US37089
512,"Iredell County, North Carolina",193520,18194,9.401612236461347,0500000US37097
513,"Johnston County, North Carolina",232459,22209,9.553942845835179,0500000US37101
514,"Lee County, North Carolina",64601,11784,18.241203696537205,0500000US37105
515,"Lincoln County, North Carolina",92147,7276,7.896079091017613,0500000US37109
516,"Mecklenburg County, North Carolina",1127947,115446,10.23505537050943,0500000US37119
517,"Moore County, North Carolina",104547,9347,8.940476532086047,0500000US37125
518,"Nash County, North Carolina",93965,11627,12.373756185813868,0500000US37127
519,"New Hanover County, North Carolina",230560,26633,11.5514399722415,0500000US37129
520,"Onslow County, North Carolina",185609,21322,11.487589502664203,0500000US37133
521,"Orange County, North Carolina",139518,19464,13.950888057454952,0500000US37135
522,"Pender County, North Carolina",64398,5410,8.400882014969408,0500000US37141
523,"Pitt County, North Carolina",168487,33897,20.118466113112586,0500000US37147
524,"Randolph County, North Carolina",143757,21845,15.195781770626821,0500000US37151
525,"Robeson County, North Carolina",112973,29956,26.51607021146646,0500000US37155
526,"Rockingham County, North Carolina",90338,16379,18.130797670969027,0500000US37157
527,"Rowan County, North Carolina",145123,22694,15.637769340490483,0500000US37159
528,"Surry County, North Carolina",70224,13635,19.41643882433356,0500000US37171
529,"Union County, North Carolina",246302,16161,6.561457073024174,0500000US37179
530,"Wake County, North Carolina",1151170,86226,7.490292485036962,0500000US37183
531,"Wayne County, North Carolina",114356,21608,18.895379341704853,0500000US37191
532,"Wilkes County, North Carolina",64900,14611,22.513097072419104,0500000US37193
533,"Wilson County, North Carolina",77320,16423,21.24030005173306,0500000US37195
534,"Burleigh County, North Dakota",95319,10549,11.067048542263347,0500000US38015
535,"Cass County, North Dakota",186228,24289,13.042614429623903,0500000US38017
536,"Grand Forks County, North Dakota",67539,9437,13.972667643879833,0500000US38035
537,"Ward County, North Dakota",67084,5863,8.739788921352334,0500000US38101
538,"Allen County, Ohio",97756,11417,11.679078522034454,0500000US39003
539,"Ashtabula County, Ohio",93792,16661,17.76377516206073,0500000US39007
540,"Belmont County, Ohio",62072,11273,18.16116767624694,0500000US39013
541,"Butler County, Ohio",376949,44259,11.741376154333876,0500000US39017
542,"Clark County, Ohio",131368,19904,15.151330613239145,0500000US39023
543,"Clermont County, Ohio",208316,18338,8.802972407304289,0500000US39025
544,"Columbiana County, Ohio",97216,15238,15.674374588545096,0500000US39029
545,"Cuyahoga County, Ohio",1212229,198417,16.367946980314777,0500000US39035
546,"Delaware County, Ohio",223612,11404,5.0999051929234565,0500000US39041
547,"Erie County, Ohio",73089,7890,10.79505807987522,0500000US39043
548,"Fairfield County, Ohio",157898,13931,8.822784329123865,0500000US39045
549,"Franklin County, Ohio",1293222,194696,15.055110414143899,0500000US39049
550,"Geauga County, Ohio",94626,6177,6.527804197577833,0500000US39055
551,"Greene County, Ohio",161590,14363,8.888545083235348,0500000US39057
552,"Hamilton County, Ohio",806886,123850,15.349132343354576,0500000US39061
553,"Hancock County, Ohio",73207,4922,6.723400767686149,0500000US39063
554,"Lake County, Ohio",228517,20593,9.011583383293146,0500000US39085
555,"Licking County, Ohio",177891,18219,10.241664839705212,0500000US39089
556,"Lorain County, Ohio",307794,39832,12.941122958862097,0500000US39093
557,"Lucas County, Ohio",418165,74231,17.751605227601544,0500000US39095
558,"Mahoning County, Ohio",220058,42777,19.43896609075789,0500000US39099
559,"Marion County, Ohio",59359,10685,18.000640172509645,0500000US39101
560,"Medina County, Ohio",182257,12236,6.713596734281811,0500000US39103
561,"Miami County, Ohio",108906,12009,11.026940664426203,0500000US39109
562,"Montgomery County, Ohio",517927,72785,14.053138762798618,0500000US39113
563,"Muskingum County, Ohio",83930,10586,12.612891695460505,0500000US39119
564,"Portage County, Ohio",154994,19997,12.90178974669987,0500000US39133
565,"Richland County, Ohio",117911,17898,15.179245363028047,0500000US39139
566,"Ross County, Ohio",71597,8142,11.371984859700826,0500000US39141
567,"Scioto County, Ohio",69068,15563,22.532866160884925,0500000US39145
568,"Stark County, Ohio",365159,47655,13.050479380215194,0500000US39151
569,"Summit County, Ohio",527344,64877,12.30259564913984,0500000US39153
570,"Trumbull County, Ohio",197128,32365,16.41826630412727,0500000US39155
571,"Tuscarawas County, Ohio",90742,10292,11.34204668180115,0500000US39157
572,"Union County, Ohio",65289,3000,4.594954739695814,0500000US39159
573,"Warren County, Ohio",244691,12865,5.257651486977453,0500000US39165
574,"Wayne County, Ohio",112074,10992,9.807805557042668,0500000US39169
575,"Wood County, Ohio",124977,17091,13.675316258191508,0500000US39173
576,"Canadian County, Oklahoma",166210,14936,8.986222248962155,0500000US40017
577,"Cleveland County, Oklahoma",287500,39412,13.708521739130436,0500000US40027
578,"Comanche County, Oklahoma",113915,17210,15.107755782820522,0500000US40031
579,"Creek County, Oklahoma",71482,10430,14.591085867770905,0500000US40037
580,"Muskogee County, Oklahoma",62270,11710,18.805203147583104,0500000US40101
581,"Oklahoma County, Oklahoma",786936,126571,16.084027163581283,0500000US40109
582,"Payne County, Oklahoma",73122,14749,20.17040015316868,0500000US40119
583,"Pottawatomie County, Oklahoma",69817,14071,20.154117192087888,0500000US40125
584,"Rogers County, Oklahoma",96821,10353,10.692928187066855,0500000US40131
585,"Tulsa County, Oklahoma",664355,103916,15.641637377606852,0500000US40143
586,"Wagoner County, Oklahoma",86190,7505,8.707506671307575,0500000US40145
587,"Benton County, Oregon",91418,18891,20.664420573628824,0500000US41003
588,"Clackamas County, Oregon",419910,34451,8.204377128432283,0500000US41005
589,"Deschutes County, Oregon",205143,21268,10.367402251112638,0500000US41017
590,"Douglas County, Oregon",110939,19642,17.705225394135514,0500000US41019
591,"Jackson County, Oregon",218853,26278,12.007146349376065,0500000US41029
592,"Josephine County, Oregon",86559,16458,19.013620767337887,0500000US41033
593,"Klamath County, Oregon",68936,9969,14.46123941046768,0500000US41035
594,"Lane County, Oregon",372569,56840,15.256234415638446,0500000US41039
595,"Linn County, Oregon",129330,17080,13.206525941390243,0500000US41043
596,"Marion County, Oregon",337149,46094,13.671700049532994,0500000US41047
597,"Multnomah County, Oregon",781288,94559,12.10296331186451,0500000US41051
598,"Polk County, Oregon",87800,13495,15.370159453302962,0500000US41053
599,"Umatilla County, Oregon",76274,6738,8.833940792406326,0500000US41059
600,"Washington County, Oregon",596326,43934,7.367446665079168,0500000US41067
601,"Yamhill County, Oregon",103604,11507,11.106714026485463,0500000US41071
602,"Adams County, Pennsylvania",101539,8505,8.376091944966959,0500000US42001
603,"Allegheny County, Pennsylvania",1196305,136407,11.402359766113157,0500000US42003
604,"Armstrong County, Pennsylvania",64073,7834,12.226678944329125,0500000US42005
605,"Beaver County, Pennsylvania",162855,15826,9.717847164655675,0500000US42007
606,"Berks County, Pennsylvania",418176,45445,10.867433807774717,0500000US42011
607,"Blair County, Pennsylvania",116871,15013,12.845787235498968,0500000US42013
608,"Bucks County, Pennsylvania",637506,36090,5.661123189428805,0500000US42017
609,"Butler County, Pennsylvania",192187,17148,8.922559798529557,0500000US42019
610,"Cambria County, Pennsylvania",125761,21104,16.781037046461144,0500000US42021
611,"Carbon County, Pennsylvania",64753,5628,8.691489197411704,0500000US42025
612,"Centre County, Pennsylvania",136543,23488,17.201907091538928,0500000US42027
613,"Chester County, Pennsylvania",531909,28310,5.322338971515805,0500000US42029
614,"Clearfield County, Pennsylvania",74054,7581,10.237124260674642,0500000US42033
615,"Crawford County, Pennsylvania",78104,10766,13.784185188978798,0500000US42039
616,"Cumberland County, Pennsylvania",254956,19892,7.80213056370511,0500000US42041
617,"Dauphin County, Pennsylvania",284647,35474,12.462453495030687,0500000US42043
618,"Delaware County, Pennsylvania",553271,53585,9.685127179989554,0500000US42045
619,"Erie County, Pennsylvania",254668,38548,15.136569965602275,0500000US42049
620,"Fayette County, Pennsylvania",122345,21179,17.31088315828191,0500000US42051
621,"Franklin County, Pennsylvania",154904,11680,7.540153901771419,0500000US42055
622,"Indiana County, Pennsylvania",77461,9765,12.606343837544054,0500000US42063
623,"Lackawanna County, Pennsylvania",208092,27399,13.166772389135575,0500000US42069
624,"Lancaster County, Pennsylvania",540987,48110,8.893004822666718,0500000US42071
625,"Lawrence County, Pennsylvania",82591,10075,12.198665714181933,0500000US42073
626,"Lebanon County, Pennsylvania",139935,18077,12.918140565262442,0500000US42075
627,"Lehigh County, Pennsylvania",367756,42455,11.544339181413763,0500000US42077
628,"Luzerne County, Pennsylvania",314459,49199,15.645600857345473,0500000US42079
629,"Lycoming County, Pennsylvania",107271,12143,11.31992803273951,0500000US42081
630,"Mercer County, Pennsylvania",101721,12185,11.978844093156772,0500000US42085
631,"Monroe County, Pennsylvania",163391,21446,13.125569951833333,0500000US42089
632,"Montgomery County, Pennsylvania",844379,56325,6.670582759637556,0500000US42091
633,"Northampton County, Pennsylvania",305103,33543,10.993992192800464,0500000US42095
634,"Northumberland County, Pennsylvania",85351,12377,14.501294653841196,0500000US42097
635,"Philadelphia County, Pennsylvania",1519441,329385,21.67803817324924,0500000US42101
636,"Schuylkill County, Pennsylvania",135105,15921,11.784167869434883,0500000US42107
637,"Somerset County, Pennsylvania",68643,9818,14.302987923022012,0500000US42111
638,"Washington County, Pennsylvania",205298,24763,12.061978197546981,0500000US42125
639,"Westmoreland County, Pennsylvania",345979,33364,9.643359857101155,0500000US42129
640,"York County, Pennsylvania",452631,41442,9.155802408584476,0500000US42133
641,"Kent County, Rhode Island",169368,11049,6.523664446648718,0500000US44003
642,"Newport County, Rhode Island",81099,5000,6.165304134452953,0500000US44005
643,"Providence County, Rhode Island",631070,88487,14.021740852837244,0500000US44007
644,"Washington County, Rhode Island",123696,6677,5.397911007631613,0500000US44009
645,"Aiken County, South Carolina",171947,31199,18.144544539887292,0500000US45003
646,"Anderson County, South Carolina",206203,33055,16.030319636474736,0500000US45007
647,"Beaufort County, South Carolina",187649,18483,9.849772713949982,0500000US45013
648,"Berkeley County, South Carolina",237761,18480,7.772511051013413,0500000US45015
649,"Charleston County, South Carolina",410059,46093,11.240577575422074,0500000US45019
650,"Dorchester County, South Carolina",162878,18414,11.305394221441816,0500000US45035
651,"Florence County, South Carolina",133962,28364,21.17316851047312,0500000US45041
652,"Greenville County, South Carolina",535223,51473,9.617112866973205,0500000US45045
653,"Greenwood County, South Carolina",65589,13134,20.02469926359603,0500000US45047
654,"Horry County, South Carolina",375151,47085,12.55094615234932,0500000US45051
655,"Kershaw County, South Carolina",67005,7719,11.52003581822252,0500000US45055
656,"Lancaster County, South Carolina",102805,10462,10.176547833276592,0500000US45057
657,"Laurens County, South Carolina",65999,11984,18.157850876528432,0500000US45059
658,"Lexington County, South Carolina",302359,33141,10.960811485684237,0500000US45063
659,"Oconee County, South Carolina",79599,16123,20.25527958893956,0500000US45073
660,"Orangeburg County, South Carolina",79740,19598,24.577376473539,0500000US45075
661,"Pickens County, South Carolina",124870,20386,16.32577880996236,0500000US45077
662,"Richland County, South Carolina",397922,64071,16.10139675614819,0500000US45079
663,"Spartanburg County, South Carolina",337193,49977,14.821482059236105,0500000US45083
664,"Sumter County, South Carolina",100958,10820,10.717327997781254,0500000US45085
665,"York County, South Carolina",290148,22536,7.767070598453203,0500000US45091
666,"Lincoln County, South Dakota",70045,6896,9.845099578842174,0500000US46083
667,"Minnehaha County, South Dakota",199911,16504,8.2556737748298,0500000US46099
668,"Pennington County, South Dakota",110421,16401,14.853152932866031,0500000US46103
669,"Anderson County, Tennessee",77869,9767,12.542860445106523,0500000US47001
670,"Blount County, Tennessee",137839,12574,9.12223681251315,0500000US47009
671,"Bradley County, Tennessee",107718,13990,12.987615811656362,0500000US47011
672,"Davidson County, Tennessee",687236,96175,13.9944647835678,0500000US47037
673,"Greene County, Tennessee",69213,12752,18.4242844552324,0500000US47059
674,"Hamblen County, Tennessee",64479,9537,14.79086214116224,0500000US47063
675,"Hamilton County, Tennessee",366846,41482,11.307742213353833,0500000US47065
676,"Knox County, Tennessee",481152,55201,11.472673915935088,0500000US47093
677,"Madison County, Tennessee",95676,12765,13.341903925749405,0500000US47113
678,"Maury County, Tennessee",106699,11096,10.399347697729127,0500000US47119
679,"Montgomery County, Tennessee",229628,26438,11.513404288675597,0500000US47125
680,"Putnam County, Tennessee",78974,17757,22.484615189809304,0500000US47141
681,"Robertson County, Tennessee",74581,5398,7.237768332417104,0500000US47147
682,"Rutherford County, Tennessee",355800,34312,9.643620011242271,0500000US47149
683,"Sevier County, Tennessee",97563,10892,11.164068345581828,0500000US47155
684,"Shelby County, Tennessee",899794,148682,16.524004383225492,0500000US47157
685,"Sullivan County, Tennessee",158535,24768,15.62304853817769,0500000US47163
686,"Sumner County, Tennessee",202308,12929,6.39075073650078,0500000US47165
687,"Washington County, Tennessee",131215,18668,14.22703197043021,0500000US47179
688,"Williamson County, Tennessee",259856,9917,3.8163444369189086,0500000US47187
689,"Wilson County, Tennessee",156772,11138,7.104585002423902,0500000US47189
690,"Angelina County, Texas",83985,12493,14.875275346788117,0500000US48005
691,"Bastrop County, Texas",103359,13884,13.432792499927437,0500000US48021
692,"Bell County, Texas",379013,55578,14.663876964642375,0500000US48027
693,"Bexar County, Texas",2019161,317085,15.703799746528386,0500000US48029
694,"Bowie County, Texas",86912,16583,19.080219072164947,0500000US48037
695,"Brazoria County, Texas",375396,36884,9.825357755543479,0500000US48039
696,"Brazos County, Texas",221551,50723,22.894502845845878,0500000US48041
697,"Cameron County, Texas",421455,93839,22.265485045853055,0500000US48061
698,"Collin County, Texas",1148829,52844,4.5998142456362086,0500000US48085
699,"Comal County, Texas",182801,12564,6.873047740439056,0500000US48091
700,"Coryell County, Texas",67199,6961,10.358785100968765,0500000US48099
701,"Dallas County, Texas",2572288,364533,14.171546887440286,0500000US48113
702,"Denton County, Texas",966712,78852,8.156720926191047,0500000US48121
703,"Ector County, Texas",158275,27439,17.33628178802717,0500000US48135
704,"Ellis County, Texas",209348,19187,9.165122188891225,0500000US48139
705,"El Paso County, Texas",854698,181926,21.285413093279733,0500000US48141
706,"Fort Bend County, Texas",882008,70729,8.019088262237984,0500000US48157
707,"Galveston County, Texas",351677,48437,13.773149793702743,0500000US48167
708,"Grayson County, Texas",140596,14134,10.052917579447493,0500000US48181
709,"Gregg County, Texas",121882,19899,16.32644689125548,0500000US48183
710,"Guadalupe County, Texas",180687,18575,10.280208316038232,0500000US48187
711,"Harris County, Texas",4739328,781107,16.481387234645926,0500000US48201
712,"Harrison County, Texas",67962,10069,14.815632265089315,0500000US48203
713,"Hays County, Texas",261259,26986,10.329213539055115,0500000US48209
714,"Henderson County, Texas",83096,8728,10.503514007894484,0500000US48213
715,"Hidalgo County, Texas",881676,243504,27.61830876648565,0500000US48215
716,"Hood County, Texas",65589,6795,10.35996889722362,0500000US48221
717,"Hunt County, Texas",104709,13379,12.777316181035058,0500000US48231
718,"Jefferson County, Texas",235655,43923,18.638687912414333,0500000US48245
719,"Johnson County, Texas",192783,19119,9.917368232676118,0500000US48251
720,"Kaufman County, Texas",170832,12666,7.414301770160157,0500000US48257
721,"Liberty County, Texas",96765,25070,25.908127938820858,0500000US48291
722,"Lubbock County, Texas",305069,53984,17.69566884868669,0500000US48303
723,"McLennan County, Texas",258557,40874,15.808506441519665,0500000US48309
724,"Midland County, Texas",170651,21422,12.553105460852851,0500000US48329
725,"Montgomery County, Texas",673877,55976,8.306560396036664,0500000US48339
726,"Nueces County, Texas",345336,58621,16.975061968633447,0500000US48355
727,"Orange County, Texas",84273,10620,12.601900964721796,0500000US48361
728,"Parker County, Texas",163787,12084,7.37787492291818,0500000US48367
729,"Potter County, Texas",110242,20821,18.88663122947697,0500000US48375
730,"Randall County, Texas",142861,11653,8.156879764246366,0500000US48381
731,"Rockwall County, Texas",122043,4935,4.043656743934515,0500000US48397
732,"San Patricio County, Texas",69229,12489,18.040127692152133,0500000US48409
733,"Smith County, Texas",235078,25474,10.836403236372607,0500000US48423
734,"Starr County, Texas",65295,22762,34.860249636266175,0500000US48427
735,"Tarrant County, Texas",2121271,224727,10.593978798559919,0500000US48439
736,"Taylor County, Texas",139414,23971,17.194112499462033,0500000US48441
737,"Tom Green County, Texas",115151,13378,11.617788816423651,0500000US48451
738,"Travis County, Texas",1306520,131756,10.084499280531487,0500000US48453
739,"Victoria County, Texas",90030,14447,16.0468732644674,0500000US48469
740,"Walker County, Texas",61157,10566,17.276844841964127,0500000US48471
741,"Webb County, Texas",263549,52898,20.07140987065024,0500000US48479
742,"Wichita County, Texas",118080,17743,15.026253387533876,0500000US48485
743,"Williamson County, Texas",666321,44050,6.610927766046696,0500000US48491
744,"Wise County, Texas",73369,4602,6.272403876296528,0500000US48497
745,"Cache County, Utah",136118,18459,13.56102793164754,0500000US49005
746,"Davis County, Utah",367354,23956,6.521230203019431,0500000US49011
747,"Salt Lake County, Utah",1170792,86920,7.424034328898728,0500000US49035
748,"Tooele County, Utah",79246,5205,6.56815485955127,0500000US49045
749,"Utah County, Utah",688308,54143,7.866100640992115,0500000US49049
750,"Washington County, Utah",195237,20179,10.335643346291942,0500000US49053
751,"Weber County, Utah",266376,20858,7.830285010661621,0500000US49057
752,"Chittenden County, Vermont",158877,17978,11.315671871951258,0500000US50007
753,"Albemarle County, Virginia",107119,9644,9.003071350554057,0500000US51003
754,"Arlington County, Virginia",231549,15010,6.482429205049471,0500000US51013
755,"Augusta County, Virginia",74872,5489,7.331178544716316,0500000US51015
756,"Bedford County, Virginia",80041,5694,7.113854149748254,0500000US51019
757,"Chesterfield County, Virginia",372794,23695,6.356057232680784,0500000US51041
758,"Fairfax County, Virginia",1127335,62861,5.576070999303667,0500000US51059
759,"Fauquier County, Virginia",74184,4304,5.801790143427154,0500000US51061
760,"Frederick County, Virginia",93870,6229,6.635772877383615,0500000US51069
761,"Hanover County, Virginia",110493,4915,4.448245590218384,0500000US51085
762,"Henrico County, Virginia",329554,30014,9.107460385854822,0500000US51087
763,"James City County, Virginia",80295,5563,6.928202254187683,0500000US51095
764,"Loudoun County, Virginia",429978,16089,3.7418193488969202,0500000US51107
765,"Montgomery County, Virginia",87154,19360,22.21355302108911,0500000US51121
766,"Prince William County, Virginia",481669,33093,6.870485748511945,0500000US51153
767,"Roanoke County, Virginia",94576,7014,7.416257824395195,0500000US51161
768,"Rockingham County, Virginia",83158,9779,11.759542076529018,0500000US51165
769,"Spotsylvania County, Virginia",145597,13646,9.372445860835045,0500000US51177
770,"Stafford County, Virginia",159190,6746,4.237703373327471,0500000US51179
771,"York County, Virginia",70191,2678,3.81530395634768,0500000US51199
772,"Alexandria city, Virginia",154495,12521,8.104469400304216,0500000US51510
773,"Chesapeake city, Virginia",248443,20807,8.374959246185242,0500000US51550
774,"Hampton city, Virginia",134874,18364,13.615670922490622,0500000US51650
775,"Lynchburg city, Virginia",68830,13873,20.155455469998547,0500000US51680
776,"Newport News city, Virginia",177415,30016,16.918524363779838,0500000US51700
777,"Norfolk city, Virginia",216007,38197,17.683223228876845,0500000US51710
778,"Portsmouth city, Virginia",94510,18979,20.081472860014813,0500000US51740
779,"Richmond city, Virginia",218414,47489,21.742653859184852,0500000US51760
780,"Roanoke city, Virginia",96230,19428,20.18913020887457,0500000US51770
781,"Suffolk city, Virginia",97025,11567,11.92166967276475,0500000US51800
782,"Virginia Beach city, Virginia",447930,44673,9.973210099792379,0500000US51810
783,"Benton County, Washington",210444,24444,11.615441637680334,0500000US53005
784,"Chelan County, Washington",79103,5655,7.148907121095281,0500000US53007
785,"Clallam County, Washington",76218,8971,11.770185520480727,0500000US53009
786,"Clark County, Washington",513193,43729,8.520965796493716,0500000US53011
787,"Cowlitz County, Washington",110890,14873,13.412390657408244,0500000US53015
788,"Franklin County, Washington",96452,8588,8.903910753535438,0500000US53021
789,"Grant County, Washington",100907,15212,15.075267325358993,0500000US53025
790,"Grays Harbor County, Washington",73723,16722,22.682202297790376,0500000US53027
791,"Island County, Washington",84329,4242,5.030297999501951,0500000US53029
792,"King County, Washington",2236093,189642,8.480953162502633,0500000US53033
793,"Kitsap County, Washington",270819,26790,9.892215834191841,0500000US53035
794,"Lewis County, Washington",84185,8757,10.402090633723347,0500000US53041
795,"Mason County, Washington",66323,7214,10.87707130256472,0500000US53045
796,"Pierce County, Washington",904534,80282,8.875509378309715,0500000US53053
797,"Skagit County, Washington",129350,15570,12.037108620023194,0500000US53057
798,"Snohomish County, Washington",831229,71401,8.589810990713751,0500000US53061
799,"Spokane County, Washington",536902,65394,12.17987640202495,0500000US53063
800,"Thurston County, Washington",293642,25476,8.675870617963371,0500000US53067
801,"Whatcom County, Washington",225080,26140,11.613648480540252,0500000US53073
802,"Yakima County, Washington",253529,42108,16.608750872681235,0500000US53077
803,"Berkeley County, West Virginia",127976,14981,11.706101143964494,0500000US54003
804,"Cabell County, West Virginia",88550,17362,19.607001693958214,0500000US54011
805,"Harrison County, West Virginia",63929,9150,14.312753210593002,0500000US54033
806,"Kanawha County, West Virginia",172439,31659,18.359535835860797,0500000US54039
807,"Monongalia County, West Virginia",100513,20351,20.247132211753705,0500000US54061
808,"Raleigh County, West Virginia",69490,14006,20.15541804576198,0500000US54081
809,"Wood County, West Virginia",82048,17154,20.90727379095164,0500000US54107
810,"Brown County, Wisconsin",263857,26183,9.923178085099126,0500000US55009
811,"Chippewa County, Wisconsin",64233,6440,10.025999097037348,0500000US55017
812,"Dane County, Wisconsin",553762,57605,10.40248337733539,0500000US55025
813,"Dodge County, Wisconsin",84197,7372,8.755656377305606,0500000US55027
814,"Eau Claire County, Wisconsin",102352,11749,11.47901360012506,0500000US55035
815,"Fond du Lac County, Wisconsin",100506,9626,9.577537659443218,0500000US55039
816,"Jefferson County, Wisconsin",82102,6635,8.081410927870209,0500000US55055
817,"Kenosha County, Wisconsin",164594,14735,8.952331190687389,0500000US55059
818,"La Crosse County, Wisconsin",116002,13652,11.76876260754125,0500000US55063
819,"Manitowoc County, Wisconsin",80349,9023,11.22976017125291,0500000US55071
820,"Marathon County, Wisconsin",136502,15991,11.714846668913276,0500000US55073
821,"Milwaukee County, Wisconsin",902324,154242,17.0938598552183,0500000US55079
822,"Outagamie County, Wisconsin",189272,13651,7.212371613339533,0500000US55087
823,"Ozaukee County, Wisconsin",91390,6459,7.067512856986541,0500000US55089
824,"Portage County, Wisconsin",67824,6158,9.079381929700402,0500000US55097
825,"Racine County, Wisconsin",191468,15381,8.033196147659138,0500000US55101
826,"Rock County, Wisconsin",161868,15873,9.80613833493958,0500000US55105
827,"St. Croix County, Wisconsin",95181,5302,5.570439478467342,0500000US55109
828,"Sauk County, Wisconsin",65161,5826,8.940930924939765,0500000US55111
829,"Sheboygan County, Wisconsin",114283,11395,9.970861807967939,0500000US55117
830,"Walworth County, Wisconsin",102082,10251,10.041927078231225,0500000US55127
831,"Washington County, Wisconsin",137221,8710,6.347424956821477,0500000US55131
832,"Waukesha County, Wisconsin",407085,21311,5.235024626306545,0500000US55133
833,"Winnebago County, Wisconsin",163930,19676,12.002684072469956,0500000US55139
834,"Wood County, Wisconsin",73277,8420,11.490645086452774,0500000US55141
835,"Laramie County, Wyoming",99106,10605,10.700663935584123,0500000US56021
836,"Natrona County, Wyoming",78706,7047,8.953574060427414,0500000US56025
837,"Arecibo Municipio, Puerto Rico",84098,30988,36.847487455111896,0500000US72013
838,"Bayamón Municipio, Puerto Rico",176581,69096,39.12991771481643,0500000US72021
839,"Caguas Municipio, Puerto Rico",124646,49785,39.94111323267494,0500000US72025
840,"Carolina Municipio, Puerto Rico",151185,46413,30.69947415418196,0500000US72031
841,"Guaynabo Municipio, Puerto Rico",88772,25879,29.152210156355608,0500000US72061
842,"Mayagüez Municipio, Puerto Rico",69274,35272,50.9166498253313,0500000US72097
843,"Ponce Municipio, Puerto Rico",128156,68118,53.152408002746654,0500000US72113
844,"San Juan Municipio, Puerto Rico",330936,126728,38.293809074866445,0500000US72127
845,"Toa Alta Municipio, Puerto Rico",65885,18491,28.065568794110952,0500000US72135
846,"Toa Baja Municipio, Puerto Rico",72613,24484,33.718480161954474,0500000US72137
847,"Trujillo Alto Municipio, Puerto Rico",66604,20202,30.331511620923667,0500000US72139
